customer_id,signup_date,age,plan,contract,tenure_months,monthly_charge,support_tickets,hours_used_per_week,churned
10001,2021-09-05,35.0,basic,yearly,67,19.79,2,13.7,0
10002,2020-03-25,35.0,standard,monthly,30,25.58,5,3.7,1
10003,2021-04-25,50.0,basic,monthly,22,13.26,1,,0
10004,2024-11-01,46.0,basic,monthly,33,10.24,1,13.3,0
10005,2024-10-08,60.0,basic,monthly,45,16.56,2,14.4,1
10006,2022-03-12,18.0,standard,monthly,69,21.28,2,11.5,0
10007,2023-05-01,71.0,premium,yearly,68,43.44,1,10.0,0
10008,2023-01-29,47.0,basic,yearly,48,11.81,2,5.0,0
10009,2023-10-19,37.0,standard,monthly,70,24.45,3,1.2,1
10010,2022-05-21,27.0,basic,yearly,16,9.86,2,20.3,0
10011,2022-04-15,48.0,premium,monthly,2,47.63,0,38.5,0
10012,2022-08-31,57.0,premium,monthly,49,44.07,2,22.0,0
10013,2024-09-18,48.0,standard,yearly,68,18.54,0,8.1,0
10014,2020-10-21,52.0,standard,monthly,1,28.48,0,7.1,0
10015,2024-06-08,39.0,standard,monthly,63,30.19,0,23.6,0
10016,2024-07-20,34.0,standard,monthly,53,23.33,0,18.3,0
10017,2020-05-19,30.0,basic,monthly,54,16.07,3,18.1,0
10018,2020-08-08,18.0,basic,monthly,23,10.4,1,16.9,0
10019,2023-05-17,37.0,basic,monthly,59,9.02,0,4.6,0
10020,2024-02-13,53.0,basic,monthly,49,9.23,3,16.1,0
10021,2022-11-19,63.0,standard,monthly,59,29.91,1,17.8,0
10022,2020-09-03,40.0,basic,monthly,68,16.1,2,4.2,0
10023,2021-03-25,20.0,standard,yearly,37,27.09,2,14.6,0
10024,2024-10-22,36.0,basic,yearly,71,8.96,0,1.8,0
10025,2024-09-05,45.0,basic,monthly,24,14.4,2,18.7,1
10026,2021-09-12,59.0,basic,monthly,40,8.74,1,,0
10027,2024-09-26,42.0,basic,monthly,66,13.88,4,2.1,0
10028,2022-04-04,55.0,standard,monthly,5,23.36,1,19.9,0
10029,2024-02-29,48.0,basic,monthly,19,10.29,2,17.8,0
10030,2023-10-01,45.0,basic,monthly,5,10.43,4,,0
10031,2020-05-30,,basic,monthly,51,5.78,5,10.8,0
10032,2024-06-14,43.0,premium,monthly,20,39.73,1,24.6,0
10033,2022-02-20,36.0,standard,monthly,12,24.55,1,14.1,0
10034,2021-01-17,39.0,standard,monthly,7,21.78,2,22.4,0
10035,2021-07-05,33.0,basic,monthly,53,14.47,4,21.6,1
10036,2022-04-18,49.0,premium,monthly,21,48.52,2,,0
10037,2020-09-24,22.0,standard,yearly,67,20.32,0,23.7,0
10038,2022-01-08,29.0,basic,yearly,63,7.48,1,3.5,0
10039,2024-10-27,50.0,premium,yearly,25,44.49,1,18.5,0
10040,2020-01-11,28.0,basic,yearly,22,17.83,3,9.9,0
10041,2024-07-24,44.0,standard,monthly,63,22.63,2,5.2,0
10042,2021-02-27,35.0,basic,yearly,24,13.48,4,7.4,0
10043,2022-07-12,23.0,basic,monthly,42,7.02,1,12.2,0
10044,2023-07-24,40.0,standard,yearly,60,22.25,3,4.0,0
10045,2024-09-17,55.0,basic,yearly,61,13.42,3,16.5,0
10046,2022-07-31,36.0,basic,monthly,55,11.23,2,6.9,0
10047,2020-09-06,49.0,standard,monthly,44,26.45,0,1.0,0
10048,2023-02-24,50.0,basic,yearly,23,12.32,1,10.2,0
10049,2022-04-30,23.0,standard,monthly,18,24.9,1,25.2,0
10050,2020-07-13,49.0,standard,monthly,36,24.83,0,14.0,0
10051,2021-09-03,33.0,standard,monthly,71,29.05,0,7.5,0
10052,2021-02-07,51.0,basic,yearly,40,11.74,2,1.4,0
10053,2024-02-18,36.0,basic,monthly,29,14.51,3,8.1,1
10054,2022-04-29,48.0,basic,yearly,52,11.13,2,3.9,0
10055,2020-10-11,77.0,basic,monthly,11,12.2,0,5.9,1
10056,2021-06-23,33.0,standard,monthly,10,21.7,0,4.8,0
10057,2024-03-13,26.0,standard,yearly,27,18.62,4,35.4,0
10058,2023-04-06,41.0,basic,monthly,54,10.63,3,4.3,0
10059,2022-06-11,48.0,basic,monthly,61,12.19,4,9.2,0
10060,2023-09-02,59.0,standard,monthly,7,23.46,1,4.2,0
10061,2021-12-07,57.0,standard,monthly,10,26.52,0,16.9,0
10062,2020-05-16,36.0,basic,monthly,42,9.49,5,16.8,0
10063,2022-08-18,35.0,basic,monthly,53,7.7,1,7.7,0
10064,2022-09-23,24.0,basic,monthly,68,7.46,1,15.6,0
10065,2021-11-05,30.0,premium,yearly,30,46.84,2,27.7,0
10066,2023-11-04,39.0,premium,monthly,13,42.38,0,7.4,0
10067,2020-12-02,53.0,basic,yearly,18,11.88,2,8.7,0
10068,2023-02-07,57.0,basic,monthly,55,7.61,3,10.2,0
10069,2023-07-01,28.0,standard,monthly,47,22.24,0,14.0,0
10070,2021-04-15,32.0,basic,yearly,28,11.76,2,1.6,1
10071,2020-01-02,41.0,standard,yearly,40,28.05,0,2.8,0
10072,2020-12-29,44.0,basic,monthly,17,8.6,3,8.2,1
10073,2023-11-05,46.0,standard,monthly,41,20.45,2,10.0,0
10074,2023-04-08,,premium,yearly,37,44.75,3,12.2,0
10075,2021-02-15,25.0,premium,monthly,12,45.25,2,,1
10076,2022-01-31,50.0,standard,monthly,14,23.48,0,20.2,0
10077,2020-01-20,53.0,basic,monthly,58,15.43,1,5.0,0
10078,2024-02-13,32.0,premium,yearly,32,39.62,1,43.0,0
10079,2024-06-12,40.0,basic,monthly,10,9.3,2,2.5,1
10080,2024-02-17,49.0,basic,yearly,42,11.77,1,5.8,0
10081,2022-06-10,43.0,basic,monthly,36,9.13,1,5.3,0
10082,2021-03-21,28.0,standard,monthly,55,25.77,0,16.2,0
10083,2020-07-20,42.0,basic,monthly,11,11.77,3,22.9,1
10084,2020-11-20,26.0,basic,yearly,58,11.01,2,10.0,0
10085,2024-05-25,45.0,basic,monthly,65,18.99,1,13.8,0
10086,2020-07-17,35.0,standard,monthly,64,21.78,1,4.7,0
10087,2024-01-09,30.0,basic,monthly,11,10.97,0,8.1,1
10088,2021-03-02,40.0,standard,yearly,35,26.23,1,16.2,0
10089,2020-07-02,31.0,standard,yearly,25,22.5,2,10.0,0
10090,2024-05-17,25.0,premium,monthly,65,45.16,1,3.6,0
10091,2024-01-23,46.0,premium,yearly,64,47.32,0,52.6,0
10092,2023-09-17,31.0,basic,monthly,64,12.41,2,29.0,0
10093,2022-09-18,55.0,premium,yearly,62,46.99,0,31.7,0
10094,2022-04-09,52.0,standard,yearly,35,23.63,0,,0
10095,2020-09-28,49.0,standard,monthly,2,23.97,2,28.5,0
10096,2020-01-12,23.0,standard,monthly,8,30.53,1,25.9,1
10097,2023-01-25,46.0,standard,yearly,16,26.18,3,31.3,0
10098,2023-12-28,28.0,premium,monthly,26,47.66,1,25.0,1
10099,2024-06-17,51.0,basic,yearly,37,9.8,1,6.0,0
10100,2022-11-28,27.0,standard,yearly,53,24.11,2,14.5,0
10101,2020-10-24,36.0,standard,yearly,17,28.26,3,28.7,0
10102,2023-06-03,47.0,basic,yearly,40,12.04,1,5.8,0
10103,2022-08-13,33.0,standard,yearly,35,21.04,0,12.4,0
10104,2023-02-03,34.0,basic,yearly,14,9.07,0,14.1,0
10105,2021-02-12,41.0,standard,monthly,18,24.57,0,8.5,1
10106,2020-05-01,37.0,basic,yearly,62,16.48,2,4.5,0
10107,2020-08-03,42.0,standard,monthly,35,26.38,1,13.6,0
10108,2023-01-01,42.0,premium,monthly,46,42.49,1,21.1,0
10109,2022-08-14,24.0,standard,monthly,25,24.73,0,13.3,0
10110,2021-07-06,68.0,basic,yearly,10,11.98,2,9.5,0
10111,2021-02-09,53.0,standard,monthly,20,19.77,2,4.3,1
10112,2024-06-19,45.0,basic,yearly,59,11.69,4,3.4,0
10113,2023-12-01,31.0,standard,monthly,63,23.74,1,1.8,0
10114,2024-05-11,51.0,basic,monthly,37,11.34,2,18.8,0
10115,2022-05-22,34.0,basic,monthly,46,9.11,0,2.7,0
10116,2022-07-31,40.0,basic,monthly,26,12.92,1,5.6,1
10117,2021-12-26,37.0,basic,monthly,64,10.56,2,4.1,0
10118,2020-12-24,42.0,standard,monthly,38,22.48,2,10.1,1
10119,2021-01-02,60.0,basic,monthly,46,17.36,3,15.2,1
10120,2020-07-06,34.0,standard,yearly,39,23.68,1,11.5,0
10121,2023-08-30,55.0,standard,monthly,39,20.7,1,12.9,0
10122,2023-11-06,45.0,premium,monthly,70,48.46,1,14.7,0
10123,2020-02-23,29.0,basic,monthly,38,16.03,3,11.7,1
10124,2023-04-21,67.0,basic,monthly,49,8.9,3,13.5,0
10125,2023-09-26,48.0,basic,monthly,30,10.5,3,9.6,0
10126,2024-09-21,22.0,basic,yearly,20,11.26,2,0.5,0
10127,2022-03-08,35.0,standard,monthly,11,23.58,2,14.3,1
10128,2023-07-21,29.0,standard,monthly,30,20.63,0,9.3,1
10129,2020-10-13,29.0,basic,monthly,42,8.55,0,3.1,0
10130,2023-09-26,30.0,standard,monthly,8,31.2,3,15.3,1
10131,2023-08-28,40.0,premium,monthly,68,42.95,0,,0
10132,2020-01-12,41.0,standard,monthly,26,23.18,1,21.9,1
10133,2021-08-07,48.0,standard,monthly,68,27.1,1,4.7,0
10134,2021-06-21,40.0,premium,yearly,58,43.33,0,2.1,0
10135,2020-04-13,,basic,yearly,8,9.76,0,8.6,1
10136,2023-08-08,57.0,standard,monthly,29,21.63,1,15.4,0
10137,2024-06-29,31.0,standard,monthly,10,26.36,0,5.2,0
10138,2024-11-01,45.0,standard,yearly,58,25.38,0,2.2,0
10139,2022-02-13,52.0,basic,yearly,24,15.13,1,4.1,0
10140,2024-09-15,52.0,standard,yearly,23,23.48,0,20.4,0
10141,2023-07-16,30.0,standard,yearly,56,28.67,2,6.9,0
10142,2020-07-05,34.0,basic,monthly,45,12.22,2,8.7,0
10143,2024-10-02,38.0,basic,monthly,1,10.17,0,4.2,1
10144,2024-11-16,48.0,basic,monthly,6,13.14,1,9.8,1
10145,2020-08-18,,premium,monthly,2,45.81,4,27.0,1
10146,2022-04-28,38.0,basic,yearly,10,12.59,2,4.2,0
10147,2021-11-28,57.0,basic,yearly,31,9.5,2,0.8,0
10148,2022-09-11,47.0,basic,monthly,30,11.47,3,2.5,1
10149,2023-02-15,31.0,basic,monthly,26,11.18,2,15.0,0
10150,2024-02-16,50.0,basic,monthly,66,13.96,0,3.2,0
10151,2020-04-29,19.0,premium,yearly,41,48.62,2,10.8,0
10152,2020-11-30,38.0,basic,monthly,51,14.26,1,5.3,0
10153,2021-07-16,18.0,standard,monthly,13,27.01,1,19.3,0
10154,2020-11-29,41.0,basic,monthly,16,15.09,5,4.2,1
10155,2023-03-23,52.0,standard,monthly,18,28.47,0,22.9,1
10156,2023-10-01,48.0,basic,monthly,22,10.61,2,10.4,1
10157,2024-11-05,18.0,standard,monthly,52,21.28,1,15.7,1
10158,2024-11-02,43.0,basic,yearly,4,12.26,1,22.1,0
10159,2023-05-24,47.0,basic,yearly,6,16.31,2,12.4,0
10160,2024-07-18,49.0,standard,monthly,46,21.02,1,5.6,1
10161,2022-07-20,47.0,standard,yearly,10,21.91,2,22.3,0
10162,2023-07-31,49.0,basic,monthly,68,11.97,0,2.2,0
10163,2022-06-20,23.0,basic,yearly,2,10.12,1,34.5,0
10164,2023-02-16,39.0,standard,yearly,46,27.76,0,12.1,0
10165,2020-12-08,32.0,basic,monthly,29,12.02,0,26.8,0
10166,2021-11-02,39.0,basic,monthly,54,14.31,4,8.1,0
10167,2020-10-19,42.0,premium,monthly,65,45.68,0,9.1,0
10168,2021-04-29,,basic,monthly,27,13.01,4,3.7,1
10169,2024-05-26,33.0,basic,yearly,44,8.26,1,10.9,0
10170,2020-08-08,46.0,basic,monthly,56,9.85,0,8.4,0
10171,2023-02-18,33.0,basic,monthly,34,5.9,1,16.3,0
10172,2022-03-24,34.0,basic,yearly,35,9.48,1,21.3,0
10173,2021-12-29,40.0,standard,monthly,27,23.15,0,5.9,0
10174,2021-06-04,55.0,premium,monthly,51,45.82,0,13.0,0
10175,2021-04-15,35.0,premium,yearly,69,41.34,1,13.8,0
10176,2024-06-13,21.0,basic,monthly,19,17.12,1,3.3,0
10177,2024-02-25,28.0,premium,monthly,20,48.45,1,25.0,0
10178,2023-07-27,41.0,basic,monthly,51,8.74,2,3.3,0
10179,2023-10-15,19.0,standard,monthly,27,19.28,2,1.7,1
10180,2021-09-19,29.0,basic,monthly,17,6.99,2,10.8,0
10181,2021-07-09,,standard,yearly,5,25.72,2,7.8,1
10182,2021-07-12,62.0,standard,monthly,24,21.09,1,7.2,0
10183,2021-10-09,49.0,premium,monthly,36,43.93,2,29.3,0
10184,2022-01-11,30.0,premium,monthly,21,46.48,3,5.6,1
10185,2022-02-04,28.0,basic,yearly,51,12.97,4,25.7,0
10186,2020-11-25,24.0,standard,monthly,32,27.01,1,5.7,0
10187,2024-07-09,40.0,standard,monthly,24,20.94,3,24.7,0
10188,2024-08-20,38.0,basic,monthly,16,13.78,2,4.0,1
10189,2022-01-08,22.0,standard,monthly,29,26.88,0,6.6,1
10190,2021-05-25,43.0,basic,monthly,43,14.65,4,43.8,0
10191,2022-10-15,52.0,basic,monthly,43,14.29,4,17.9,0
10192,2024-03-14,45.0,standard,yearly,46,20.99,1,2.7,0
10193,2020-01-16,,basic,yearly,27,4.49,2,3.7,0
10194,2023-09-30,56.0,standard,yearly,17,25.91,0,13.2,1
10195,2020-07-17,43.0,standard,monthly,71,29.6,1,18.8,0
10196,2024-04-10,42.0,basic,monthly,55,9.5,4,14.5,0
10197,2021-11-12,48.0,premium,monthly,64,42.47,2,7.8,0
10198,2021-07-05,22.0,basic,yearly,48,12.34,0,4.2,0
10199,2022-08-29,57.0,basic,monthly,58,15.06,2,11.8,0
10200,2022-04-14,41.0,basic,yearly,69,14.02,6,18.0,0
10201,2024-09-04,38.0,standard,monthly,23,21.28,1,11.7,0
10202,2023-07-24,48.0,standard,monthly,62,23.52,1,9.1,0
10203,2022-12-02,26.0,basic,monthly,42,10.14,2,2.3,0
10204,2024-01-14,29.0,standard,monthly,68,26.55,0,21.9,0
10205,2020-05-28,44.0,standard,monthly,68,27.09,2,1.4,0
10206,2022-11-13,45.0,standard,yearly,66,22.18,1,2.1,0
10207,2020-04-06,23.0,basic,monthly,66,9.4,2,23.3,0
10208,2021-01-19,37.0,basic,yearly,65,12.7,3,10.8,0
10209,2024-05-10,28.0,premium,monthly,48,44.18,1,1.5,0
10210,2023-06-24,34.0,premium,monthly,70,42.53,1,3.0,0
10211,2024-04-30,27.0,basic,monthly,66,10.48,2,26.2,0
10212,2024-10-31,48.0,standard,monthly,68,26.65,1,26.0,0
10213,2023-11-09,,basic,monthly,37,10.78,1,17.6,0
10214,2021-07-11,27.0,basic,monthly,26,11.48,2,7.1,0
10215,2022-08-09,44.0,basic,monthly,13,9.52,4,11.1,0
10216,2020-04-26,39.0,basic,monthly,10,13.63,3,5.0,0
10217,2022-09-23,38.0,basic,monthly,48,10.29,2,4.2,0
10218,2022-04-30,22.0,premium,monthly,67,45.63,1,31.5,0
10219,2020-02-07,26.0,standard,monthly,47,25.35,0,14.3,0
10220,2023-11-30,36.0,basic,yearly,23,10.68,4,9.2,0
10221,2020-09-13,28.0,basic,monthly,14,9.34,2,12.8,1
10222,2024-01-06,33.0,basic,monthly,62,11.61,3,4.9,0
10223,2021-06-12,45.0,standard,monthly,3,23.92,0,0.8,1
10224,2024-11-21,47.0,standard,monthly,71,27.89,0,14.9,0
10225,2023-08-31,37.0,basic,yearly,13,9.3,3,6.8,0
10226,2022-01-05,34.0,basic,yearly,45,14.12,2,19.1,0
10227,2022-06-12,18.0,standard,monthly,60,28.48,2,18.8,0
10228,2024-10-21,38.0,premium,monthly,21,46.83,0,42.3,0
10229,2024-04-07,33.0,standard,monthly,5,27.09,2,1.0,1
10230,2024-02-27,34.0,premium,monthly,48,44.11,3,15.7,0
10231,2024-01-22,46.0,basic,yearly,64,13.23,1,15.9,0
10232,2024-04-27,23.0,basic,monthly,60,13.26,3,11.3,0
10233,2020-08-18,47.0,premium,monthly,31,40.06,2,23.5,0
10234,2022-04-16,27.0,standard,monthly,13,23.92,0,9.3,0
10235,2021-08-21,22.0,basic,monthly,14,8.28,3,15.1,1
10236,2021-08-29,28.0,basic,yearly,63,6.32,1,9.3,0
10237,2022-11-08,26.0,basic,monthly,38,11.85,0,11.2,0
10238,2022-09-09,37.0,standard,monthly,52,26.24,2,10.9,0
10239,2024-09-13,60.0,basic,monthly,58,9.93,0,14.7,0
10240,2020-01-24,58.0,basic,monthly,66,13.48,4,3.9,0
10241,2021-12-28,35.0,standard,monthly,21,26.65,1,0.2,1
10242,2023-02-24,36.0,premium,monthly,25,45.23,1,4.5,0
10243,2022-12-11,,premium,monthly,43,43.47,1,12.3,0
10244,2020-11-08,50.0,basic,monthly,65,13.97,3,19.8,0
10245,2023-10-14,29.0,basic,monthly,60,17.25,2,15.9,0
10246,2021-02-05,45.0,basic,monthly,14,5.82,2,2.6,0
10247,2020-07-30,42.0,basic,monthly,63,14.16,1,4.2,0
10248,2021-11-27,52.0,basic,monthly,52,8.51,1,7.7,0
10249,2022-05-30,70.0,basic,yearly,59,14.51,2,17.9,0
10250,2022-05-21,37.0,basic,monthly,67,14.96,1,11.9,0
10251,2024-06-16,48.0,premium,monthly,4,43.77,1,8.1,1
10252,2023-07-20,40.0,basic,monthly,40,10.69,6,13.3,0
10253,2024-04-06,41.0,basic,monthly,3,11.93,2,6.1,1
10254,2022-09-07,29.0,premium,monthly,11,45.35,1,16.1,1
10255,2022-04-24,35.0,standard,monthly,24,24.39,0,7.0,1
10256,2023-09-02,45.0,standard,yearly,69,28.41,1,3.7,0
10257,2021-11-28,,basic,monthly,47,7.29,6,14.3,1
10258,2022-03-29,43.0,premium,yearly,42,43.49,2,33.7,0
10259,2024-06-06,42.0,premium,monthly,7,46.95,0,22.5,0
10260,2021-06-23,37.0,standard,monthly,20,24.14,1,3.3,0
10261,2021-08-02,63.0,premium,monthly,1,44.25,1,11.4,1
10262,2023-03-05,51.0,standard,monthly,66,24.09,1,16.4,0
10263,2024-07-28,48.0,basic,yearly,29,14.85,4,13.3,0
10264,2020-11-29,52.0,standard,monthly,59,27.08,2,8.0,0
10265,2023-09-16,41.0,standard,monthly,4,21.02,2,6.5,1
10266,2021-06-30,35.0,basic,monthly,67,8.59,0,0.6,0
10267,2020-03-12,46.0,standard,monthly,39,23.76,2,18.7,0
10268,2023-06-16,43.0,basic,monthly,46,11.59,2,12.2,0
10269,2024-10-02,48.0,premium,monthly,52,47.72,1,0.9,0
10270,2022-10-08,41.0,standard,monthly,16,24.65,2,9.0,1
10271,2024-03-31,36.0,basic,monthly,34,15.96,1,22.6,0
10272,2020-08-18,34.0,premium,monthly,43,50.6,1,8.0,1
10273,2023-03-23,25.0,premium,monthly,57,42.4,1,4.2,0
10274,2023-07-16,25.0,standard,monthly,37,25.52,2,4.7,0
10275,2024-10-04,54.0,basic,yearly,42,15.1,4,4.5,0
10276,2022-12-11,40.0,standard,yearly,37,25.71,0,26.5,0
10277,2024-08-26,42.0,basic,monthly,23,13.05,5,29.7,1
10278,2024-11-22,31.0,basic,monthly,2,10.64,2,13.7,0
10279,2023-03-14,32.0,basic,yearly,57,10.36,0,2.6,0
10280,2021-06-27,45.0,basic,monthly,19,12.63,4,7.3,0
10281,2020-05-27,41.0,standard,monthly,28,28.01,0,21.7,0
10282,2020-09-08,56.0,basic,yearly,20,8.87,4,6.9,0
10283,2022-12-19,18.0,basic,monthly,50,11.6,4,30.5,0
10284,2022-05-16,,standard,monthly,7,30.43,1,19.3,0
10285,2023-07-20,43.0,premium,monthly,33,44.44,0,46.1,0
10286,2021-02-25,33.0,premium,monthly,27,45.53,0,3.1,0
10287,2020-09-23,46.0,standard,yearly,43,27.43,2,13.2,0
10288,2023-06-13,34.0,premium,monthly,32,46.75,0,44.9,0
10289,2020-02-04,39.0,standard,monthly,16,24.57,1,8.6,1
10290,2024-08-08,60.0,standard,monthly,49,24.38,0,21.1,0
10291,2020-08-01,26.0,basic,yearly,57,16.61,3,16.2,0
10292,2022-05-12,44.0,basic,monthly,37,9.2,1,,0
10293,2020-12-12,32.0,premium,monthly,51,40.98,0,5.1,0
10294,2020-06-26,24.0,basic,yearly,33,15.38,2,4.4,0
10295,2024-07-15,44.0,standard,monthly,39,28.83,2,8.2,1
10296,2023-11-09,18.0,basic,monthly,11,9.15,3,13.9,1
10297,2022-11-01,43.0,basic,monthly,42,14.7,1,8.5,0
10298,2023-02-16,20.0,basic,monthly,17,13.16,4,7.6,1
10299,2021-02-13,37.0,standard,monthly,62,24.74,1,20.9,0
10300,2021-06-06,29.0,standard,monthly,23,25.41,1,38.9,0
10301,2024-03-11,49.0,standard,monthly,13,30.64,1,1.2,1
10302,2023-02-09,40.0,basic,monthly,11,14.34,3,32.4,0
10303,2024-09-27,43.0,basic,monthly,2,13.88,2,10.4,0
10304,2024-01-05,21.0,standard,monthly,19,26.69,0,10.4,1
10305,2023-06-06,,basic,monthly,18,10.34,3,33.7,1
10306,2022-12-13,30.0,basic,monthly,29,11.18,4,11.3,0
10307,2020-06-22,54.0,standard,monthly,2,24.7,1,15.3,1
10308,2020-09-17,26.0,basic,monthly,17,9.49,2,18.4,1
10309,2022-09-15,52.0,basic,yearly,63,13.72,1,1.8,0
10310,2022-09-06,49.0,basic,monthly,19,15.59,2,,0
10311,2020-07-22,52.0,basic,yearly,65,11.85,2,12.3,0
10312,2020-04-15,26.0,standard,monthly,56,22.68,0,3.2,0
10313,2024-01-21,34.0,standard,monthly,6,22.77,1,11.1,1
10314,2021-11-16,39.0,premium,monthly,26,49.92,1,5.2,1
10315,2021-11-03,46.0,premium,monthly,3,43.38,2,6.2,1
10316,2022-10-05,61.0,basic,monthly,28,8.47,6,5.0,1
10317,2020-03-06,36.0,basic,monthly,29,7.67,1,31.4,0
10318,2021-01-31,38.0,standard,yearly,56,23.72,1,15.8,0
10319,2023-01-03,34.0,basic,monthly,25,15.78,3,3.4,1
10320,2023-04-22,53.0,basic,monthly,55,15.89,2,40.1,0
10321,2023-06-12,,standard,yearly,37,26.91,1,6.8,0
10322,2023-02-07,30.0,standard,yearly,51,22.92,2,2.3,0
10323,2023-12-11,47.0,basic,yearly,24,14.62,1,18.0,0
10324,2023-02-18,35.0,standard,monthly,42,24.56,1,11.7,0
10325,2023-04-27,61.0,standard,yearly,3,26.98,3,11.7,1
10326,2021-03-10,39.0,standard,monthly,5,31.69,3,29.6,0
10327,2021-07-19,18.0,basic,monthly,53,11.48,1,21.1,0
10328,2021-07-05,33.0,basic,monthly,62,8.08,5,14.4,1
10329,2022-07-10,18.0,premium,monthly,6,50.9,1,8.2,1
10330,2023-05-11,36.0,standard,monthly,45,24.7,0,26.6,0
10331,2022-08-06,34.0,basic,monthly,9,11.64,3,3.2,1
10332,2024-05-16,35.0,premium,monthly,67,40.27,2,,0
10333,2023-06-16,19.0,basic,monthly,5,14.44,1,9.1,0
10334,2020-02-25,44.0,standard,yearly,13,28.36,0,14.4,0
10335,2022-11-03,25.0,standard,monthly,59,25.97,1,15.5,0
10336,2024-05-15,62.0,basic,monthly,9,15.5,3,8.6,1
10337,2024-02-17,55.0,standard,monthly,12,24.03,0,6.1,0
10338,2021-09-12,21.0,basic,yearly,65,16.28,2,15.2,0
10339,2024-09-06,41.0,premium,monthly,6,47.56,1,19.4,1
10340,2023-03-04,36.0,premium,yearly,23,50.53,1,11.8,0
10341,2024-11-13,48.0,premium,monthly,63,40.23,0,3.0,0
10342,2020-10-03,39.0,premium,monthly,69,41.49,0,14.4,0
10343,2023-07-03,42.0,basic,monthly,10,14.91,0,14.4,1
10344,2020-09-25,26.0,standard,monthly,54,26.38,1,9.6,0
10345,2021-07-29,22.0,standard,monthly,67,22.5,0,13.6,0
10346,2020-01-02,18.0,standard,yearly,16,25.54,3,5.6,0
10347,2021-07-14,49.0,standard,monthly,37,28.06,0,13.2,0
10348,2020-05-20,43.0,basic,monthly,45,15.69,1,15.6,0
10349,2023-02-02,44.0,basic,monthly,25,13.08,1,8.8,1
10350,2024-09-01,37.0,standard,monthly,25,25.57,0,10.5,1
10351,2022-05-31,40.0,basic,monthly,27,13.71,4,3.0,1
10352,2021-08-23,28.0,standard,monthly,59,25.15,1,8.4,0
10353,2020-02-10,44.0,basic,yearly,2,18.03,2,3.2,1
10354,2022-02-18,26.0,basic,monthly,46,11.01,0,7.6,0
10355,2020-07-09,34.0,basic,yearly,38,12.35,6,13.0,0
10356,2024-02-27,36.0,standard,monthly,52,24.72,0,27.2,0
10357,2022-11-11,32.0,basic,monthly,52,16.95,2,20.2,0
10358,2023-02-05,28.0,basic,monthly,21,10.69,2,14.2,1
10359,2020-03-10,42.0,basic,yearly,33,14.94,1,9.1,0
10360,2021-12-16,39.0,standard,yearly,2,25.12,2,6.2,0
10361,2024-08-07,38.0,standard,monthly,34,23.92,3,11.9,0
10362,2022-05-19,39.0,basic,yearly,30,6.02,1,12.4,0
10363,2023-07-28,40.0,standard,monthly,58,25.09,0,17.8,0
10364,2023-05-13,34.0,standard,yearly,51,30.31,1,4.7,0
10365,2024-07-29,18.0,premium,yearly,27,43.18,1,8.0,0
10366,2023-04-18,,basic,yearly,65,3.49,2,2.6,0
10367,2020-01-19,18.0,premium,monthly,36,46.14,0,24.0,0
10368,2020-08-22,46.0,basic,monthly,22,8.65,3,9.7,0
10369,2022-04-02,41.0,premium,monthly,46,39.89,0,11.1,0
10370,2024-07-17,26.0,basic,yearly,33,10.64,0,26.7,0
10371,2024-06-18,29.0,basic,monthly,69,8.18,2,5.7,1
10372,2023-12-08,34.0,basic,monthly,63,15.33,1,35.0,0
10373,2020-06-25,48.0,standard,monthly,1,25.8,1,27.3,1
10374,2021-05-28,50.0,basic,monthly,18,14.01,0,6.7,1
10375,2023-11-01,59.0,premium,monthly,29,43.24,1,5.9,0
10376,2024-04-25,47.0,basic,yearly,49,11.82,1,16.0,0
10377,2023-02-10,27.0,premium,monthly,44,43.43,2,7.7,0
10378,2020-03-01,,basic,monthly,63,12.88,2,8.9,0
10379,2024-08-04,61.0,basic,yearly,12,5.35,4,8.8,0
10380,2023-05-17,55.0,standard,yearly,45,24.92,0,4.5,0
10381,2024-06-20,42.0,basic,monthly,65,15.11,2,29.4,0
10382,2021-10-28,57.0,standard,yearly,9,30.12,1,7.5,0
10383,2023-12-09,25.0,basic,yearly,48,14.5,4,4.0,1
10384,2021-09-30,60.0,basic,monthly,47,12.44,3,,0
10385,2021-02-19,45.0,basic,monthly,3,6.89,1,22.6,1
10386,2024-01-16,44.0,basic,monthly,3,12.45,2,12.3,1
10387,2020-09-22,35.0,basic,monthly,4,6.1,0,13.0,0
10388,2022-09-26,20.0,premium,yearly,21,42.3,0,16.1,0
10389,2023-05-20,43.0,standard,monthly,49,24.36,1,8.9,0
10390,2020-05-10,64.0,basic,monthly,63,11.16,2,8.3,1
10391,2021-07-20,36.0,standard,monthly,49,27.64,1,16.6,0
10392,2024-09-27,31.0,basic,monthly,51,11.13,4,10.0,0
10393,2023-05-10,35.0,standard,yearly,29,21.19,1,8.8,0
10394,2023-05-31,40.0,basic,yearly,16,10.51,1,14.8,0
10395,2021-03-01,27.0,standard,yearly,40,22.69,2,4.8,0
10396,2022-11-07,46.0,standard,monthly,50,28.22,1,3.8,0
10397,2024-09-17,30.0,basic,yearly,62,7.55,3,9.2,0
10398,2021-07-18,54.0,standard,monthly,41,23.49,1,14.2,0
10399,2021-06-28,21.0,standard,monthly,70,27.71,3,16.3,0
10400,2024-02-26,50.0,standard,yearly,58,22.39,1,12.3,0
10401,2022-11-11,30.0,basic,monthly,68,13.11,2,17.5,0
10402,2023-07-13,41.0,basic,yearly,48,12.05,1,6.3,0
10403,2022-12-22,42.0,basic,monthly,17,10.94,1,15.5,0
10404,2023-07-06,,basic,monthly,59,6.69,3,17.2,0
10405,2021-03-03,34.0,basic,monthly,45,12.05,6,11.7,0
10406,2022-07-02,53.0,standard,monthly,52,23.4,1,4.9,0
10407,2020-02-09,29.0,basic,monthly,21,12.81,2,10.5,1
10408,2022-10-31,,standard,monthly,6,20.59,0,7.6,1
10409,2020-03-18,18.0,basic,monthly,69,13.54,2,0.6,1
10410,2022-03-15,42.0,standard,monthly,34,26.94,3,33.7,0
10411,2022-03-04,22.0,basic,monthly,43,16.18,4,4.7,1
10412,2022-05-19,38.0,premium,yearly,5,43.52,2,16.0,0
10413,2021-09-04,22.0,premium,monthly,62,42.88,0,16.7,0
10414,2024-08-01,26.0,standard,monthly,21,27.68,2,6.5,1
10415,2022-08-28,27.0,basic,monthly,1,8.83,3,6.3,1
10416,2024-06-15,32.0,basic,monthly,20,9.4,0,,0
10417,2021-10-25,18.0,standard,yearly,11,24.05,1,7.6,0
10418,2021-05-02,41.0,standard,yearly,34,21.57,1,1.0,0
10419,2024-09-30,34.0,basic,yearly,47,16.29,1,18.0,0
10420,2024-03-27,34.0,standard,monthly,24,27.86,0,17.1,0
10421,2023-12-22,42.0,basic,yearly,13,5.46,2,12.0,1
10422,2024-05-26,26.0,basic,monthly,17,5.55,1,1.2,1
10423,2020-07-29,40.0,standard,yearly,12,23.04,1,10.2,0
10424,2024-04-20,42.0,standard,yearly,62,26.49,2,12.2,0
10425,2020-11-09,51.0,basic,yearly,37,14.04,0,16.3,0
10426,2021-02-19,49.0,basic,monthly,4,16.22,4,5.4,1
10427,2022-02-26,35.0,basic,monthly,30,12.85,2,,1
10428,2024-07-14,43.0,basic,monthly,33,8.79,1,26.9,0
10429,2023-04-16,42.0,premium,yearly,51,46.25,1,4.3,0
10430,2020-05-24,41.0,premium,yearly,46,41.52,2,4.3,0
10431,2021-07-31,,standard,monthly,52,22.48,1,42.6,0
10432,2022-05-02,27.0,basic,yearly,14,7.17,2,10.7,0
10433,2024-01-11,41.0,basic,monthly,2,9.29,4,7.5,1
10434,2023-03-29,31.0,premium,monthly,33,43.12,2,15.4,0
10435,2022-07-26,32.0,basic,monthly,24,10.27,7,4.0,1
10436,2021-02-18,30.0,basic,monthly,25,17.31,3,3.7,0
10437,2023-11-23,30.0,standard,yearly,65,25.29,0,11.4,0
10438,2023-09-03,40.0,basic,yearly,62,13.04,1,6.0,0
10439,2021-04-28,56.0,basic,monthly,56,12.47,1,9.0,0
10440,2021-07-17,46.0,basic,monthly,4,16.75,1,18.9,1
10441,2020-06-09,52.0,standard,monthly,15,22.15,2,3.7,1
10442,2020-01-15,25.0,basic,monthly,5,14.25,0,2.6,0
10443,2023-01-24,62.0,standard,monthly,20,22.44,1,3.6,0
10444,2023-02-18,46.0,basic,yearly,34,11.58,2,17.4,0
10445,2023-07-20,26.0,basic,yearly,21,13.49,4,10.0,0
10446,2020-01-03,35.0,basic,yearly,51,7.95,2,3.9,0
10447,2022-03-31,50.0,standard,monthly,7,23.84,2,14.7,1
10448,2023-03-13,32.0,basic,yearly,63,12.02,4,,0
10449,2021-03-26,27.0,standard,yearly,9,26.51,3,16.2,0
10450,2020-12-21,24.0,standard,monthly,37,24.33,1,4.7,0
10451,2024-09-23,37.0,premium,monthly,43,53.46,1,50.6,0
10452,2024-09-29,52.0,basic,monthly,69,17.65,1,5.4,0
10453,2023-01-01,37.0,basic,monthly,2,5.39,2,7.3,1
10454,2023-07-06,34.0,standard,monthly,48,25.35,2,3.3,1
10455,2024-10-06,53.0,basic,monthly,62,13.66,1,23.5,0
10456,2023-03-13,38.0,basic,monthly,68,13.03,1,11.4,0
10457,2020-08-17,42.0,premium,monthly,56,49.17,1,26.2,0
10458,2020-02-02,33.0,standard,monthly,61,16.42,1,3.7,1
10459,2023-09-28,18.0,basic,monthly,1,8.78,3,0.8,0
10460,2021-11-28,44.0,basic,monthly,64,16.63,5,15.2,0
10461,2024-01-18,30.0,standard,yearly,24,28.64,4,18.3,0
10462,2021-10-06,54.0,standard,monthly,3,31.86,1,15.9,0
10463,2021-12-21,25.0,premium,yearly,1,49.96,1,4.4,0
10464,2024-10-18,23.0,standard,monthly,63,21.15,1,23.7,0
10465,2022-06-29,51.0,basic,yearly,28,15.1,1,14.7,0
10466,2024-07-06,46.0,basic,yearly,47,11.15,5,11.0,0
10467,2021-03-31,,basic,monthly,39,12.63,4,5.5,0
10468,2020-09-09,31.0,standard,yearly,11,25.17,2,4.8,1
10469,2020-07-23,30.0,basic,monthly,66,10.6,1,18.2,0
10470,2022-12-20,47.0,basic,yearly,6,10.49,1,17.6,0
10471,2021-12-02,44.0,basic,monthly,4,14.32,4,11.8,1
10472,2024-09-28,53.0,standard,monthly,9,23.37,2,5.6,0
10473,2023-06-18,38.0,basic,monthly,32,12.65,3,18.1,0
10474,2021-08-14,,premium,monthly,35,46.46,0,59.6,0
10475,2023-06-06,29.0,basic,monthly,55,10.4,1,10.3,0
10476,2024-06-04,31.0,standard,monthly,5,24.14,1,12.2,1
10477,2021-01-08,42.0,standard,monthly,71,28.45,0,13.2,0
10478,2020-01-22,26.0,premium,monthly,30,39.9,3,11.1,0
10479,2020-09-23,,basic,yearly,64,9.98,4,12.2,0
10480,2021-02-24,42.0,standard,monthly,12,20.98,1,5.8,0
10481,2021-05-31,36.0,basic,monthly,27,12.65,4,8.0,0
10482,2022-06-25,34.0,basic,monthly,4,20.11,2,19.9,1
10483,2022-09-23,32.0,basic,yearly,33,8.31,1,21.6,0
10484,2020-03-15,28.0,basic,monthly,8,15.68,3,28.6,0
10485,2021-12-05,34.0,basic,monthly,32,16.26,1,5.4,1
10486,2020-01-19,34.0,premium,yearly,7,38.59,2,8.2,0
10487,2023-12-06,51.0,basic,monthly,32,7.97,4,5.8,1
10488,2024-06-14,47.0,basic,yearly,64,11.94,2,0.8,0
10489,2022-11-02,30.0,standard,yearly,2,22.04,2,3.2,0
10490,2022-12-12,29.0,basic,monthly,47,12.83,2,6.9,0
10491,2021-05-09,42.0,standard,yearly,39,29.1,0,5.1,0
10492,2020-05-13,38.0,standard,monthly,46,27.11,0,9.6,1
10493,2024-03-15,54.0,standard,monthly,10,24.41,0,17.0,0
10494,2020-10-03,26.0,standard,monthly,70,26.7,1,2.4,0
10495,2022-07-10,43.0,standard,monthly,52,26.06,2,5.7,0
10496,2021-09-11,24.0,standard,yearly,40,21.2,0,3.3,0
10497,2024-07-28,47.0,standard,yearly,12,23.19,0,2.4,0
10498,2021-03-23,42.0,basic,monthly,67,13.4,2,7.1,0
10499,2021-02-02,49.0,basic,monthly,16,11.79,1,19.5,0
10500,2020-11-24,39.0,basic,monthly,47,12.97,0,6.1,0
10501,2024-06-06,46.0,premium,yearly,14,47.67,1,7.5,1
10502,2020-11-09,41.0,basic,monthly,32,4.74,3,11.0,1
10503,2022-07-03,39.0,premium,yearly,2,49.45,1,7.3,0
10504,2022-09-04,55.0,basic,monthly,50,6.28,2,12.6,0
10505,2023-09-19,53.0,basic,yearly,60,12.03,3,2.9,0
10506,2021-04-26,55.0,basic,monthly,31,12.46,5,33.8,0
10507,2020-02-19,47.0,basic,yearly,59,11.56,1,0.6,0
10508,2022-11-16,36.0,basic,monthly,14,12.56,1,17.6,1
10509,2020-04-10,30.0,basic,monthly,4,10.31,1,2.9,1
10510,2021-09-26,36.0,standard,monthly,4,22.81,1,8.4,1
10511,2020-02-25,27.0,basic,monthly,3,11.68,1,11.5,1
10512,2020-10-03,31.0,basic,monthly,66,12.51,1,5.7,0
10513,2021-03-15,40.0,premium,yearly,39,42.93,2,10.0,0
10514,2024-04-20,38.0,basic,yearly,27,12.95,2,26.0,0
10515,2023-12-03,40.0,standard,yearly,18,22.39,0,8.3,0
10516,2022-07-05,42.0,premium,monthly,60,43.22,1,44.6,0
10517,2023-02-15,56.0,basic,yearly,33,11.26,2,23.3,0
10518,2024-10-02,37.0,standard,monthly,31,26.32,2,9.4,0
10519,2021-01-21,20.0,standard,monthly,20,24.04,4,11.3,0
10520,2020-08-27,43.0,basic,monthly,5,13.15,1,8.1,1
10521,2020-05-08,45.0,standard,monthly,42,29.81,0,9.6,0
10522,2023-02-27,47.0,premium,monthly,40,43.54,0,9.7,0
10523,2022-08-05,68.0,premium,monthly,59,48.87,0,6.0,0
10524,2023-05-02,23.0,standard,yearly,7,21.0,1,6.2,0
10525,2020-09-14,30.0,basic,monthly,63,13.91,6,37.5,0
10526,2024-03-04,42.0,standard,yearly,52,24.38,0,8.1,0
10527,2024-11-05,46.0,premium,yearly,52,51.29,0,15.8,0
10528,2022-02-02,47.0,premium,yearly,28,43.43,3,8.6,0
10529,2022-04-30,57.0,basic,monthly,34,9.46,7,12.9,1
10530,2021-08-15,31.0,premium,yearly,57,48.12,2,25.3,0
10531,2020-08-02,50.0,standard,monthly,27,26.19,1,5.3,1
10532,2023-08-25,41.0,premium,yearly,8,45.18,2,22.5,0
10533,2020-10-31,58.0,basic,monthly,24,4.71,1,0.6,1
10534,2021-06-02,33.0,premium,monthly,2,46.14,2,11.3,1
10535,2023-03-29,39.0,standard,monthly,12,24.63,0,6.2,1
10536,2021-12-15,35.0,basic,monthly,9,12.2,5,4.2,0
10537,2024-06-27,32.0,standard,monthly,54,22.6,1,4.2,0
10538,2021-05-30,55.0,basic,yearly,67,15.85,4,22.2,0
10539,2023-11-07,45.0,standard,monthly,25,24.89,0,23.4,0
10540,2023-01-18,54.0,standard,yearly,20,24.19,2,,1
10541,2024-02-09,56.0,standard,yearly,56,20.25,1,40.7,0
10542,2023-10-20,38.0,standard,yearly,42,24.33,0,15.9,0
10543,2020-12-22,49.0,standard,monthly,26,21.64,0,22.0,0
10544,2022-12-11,53.0,basic,yearly,28,16.02,3,5.1,0
10545,2022-09-06,50.0,standard,monthly,69,25.66,5,13.8,0
10546,2021-03-20,57.0,standard,monthly,16,23.09,4,16.1,1
10547,2023-05-30,47.0,basic,monthly,36,11.36,3,3.2,0
10548,2023-09-18,18.0,basic,monthly,12,16.26,1,5.5,1
10549,2020-07-30,55.0,standard,monthly,47,25.32,1,16.2,0
10550,2023-11-30,18.0,premium,monthly,43,44.86,2,14.6,0
10551,2021-05-06,50.0,premium,monthly,17,50.47,1,22.8,1
10552,2022-08-02,56.0,basic,monthly,33,13.01,1,29.7,0
10553,2020-05-02,25.0,basic,monthly,7,14.62,2,6.2,1
10554,2023-08-04,24.0,standard,yearly,69,23.85,1,6.8,0
10555,2020-10-10,45.0,standard,monthly,60,23.76,0,5.7,0
10556,2022-12-24,50.0,premium,monthly,59,47.43,2,11.1,0
10557,2023-02-02,43.0,standard,monthly,23,24.76,3,5.7,1
10558,2023-03-12,25.0,basic,monthly,59,12.98,2,19.4,0
10559,2020-12-24,60.0,standard,yearly,20,24.71,0,32.6,0
10560,2022-05-16,48.0,standard,monthly,5,24.9,0,11.2,0
10561,2021-04-18,23.0,premium,monthly,12,44.5,0,12.9,1
10562,2024-05-20,51.0,basic,monthly,33,7.96,4,18.9,0
10563,2021-04-25,18.0,basic,yearly,37,15.81,4,3.5,0
10564,2020-02-18,47.0,standard,monthly,1,23.1,1,8.2,0
10565,2024-06-10,18.0,basic,monthly,65,8.31,3,16.2,0
10566,2021-09-22,47.0,basic,monthly,61,12.14,1,4.6,0
10567,2024-07-20,45.0,premium,monthly,30,42.93,0,14.5,0
10568,2024-03-04,55.0,standard,monthly,19,28.68,3,25.2,1
10569,2020-01-26,43.0,standard,monthly,44,26.82,2,12.4,0
10570,2020-06-26,35.0,premium,yearly,31,43.14,1,23.9,0
10571,2022-05-23,25.0,standard,monthly,46,22.25,0,8.6,0
10572,2021-02-08,28.0,premium,yearly,17,46.83,0,10.3,0
10573,2022-12-22,52.0,standard,monthly,19,22.81,3,5.7,1
10574,2021-02-11,42.0,standard,yearly,7,20.79,3,16.3,0
10575,2021-07-15,47.0,basic,monthly,44,6.92,1,1.7,0
10576,2020-09-18,44.0,basic,yearly,69,14.02,2,15.0,0
10577,2020-01-15,27.0,standard,monthly,64,20.22,1,5.6,0
10578,2020-10-15,42.0,basic,yearly,41,8.36,1,1.7,0
10579,2023-09-24,35.0,basic,yearly,10,13.97,2,21.2,0
10580,2021-04-28,18.0,standard,monthly,33,27.31,2,2.1,1
10581,2023-09-23,50.0,standard,yearly,31,21.38,0,23.0,0
10582,2024-03-28,34.0,basic,yearly,56,10.06,2,8.1,0
10583,2021-07-14,36.0,basic,yearly,20,14.82,2,13.2,0
10584,2020-11-05,48.0,standard,monthly,35,25.52,0,6.9,1
10585,2021-12-10,37.0,basic,monthly,36,10.5,3,21.5,0
10586,2022-06-09,38.0,standard,yearly,61,25.24,2,9.8,0
10587,2021-10-19,60.0,basic,yearly,68,13.14,1,17.0,0
10588,2020-07-04,44.0,premium,yearly,58,41.59,0,14.8,0
10589,2020-02-29,52.0,basic,monthly,22,8.84,1,6.4,0
10590,2022-04-04,18.0,basic,monthly,2,15.23,3,5.7,1
10591,2022-07-16,41.0,basic,monthly,44,17.15,2,2.5,0
10592,2021-11-07,46.0,standard,yearly,35,27.61,1,11.8,0
10593,2021-04-19,36.0,premium,monthly,67,44.33,4,15.3,0
10594,2021-11-17,56.0,basic,yearly,3,9.86,0,6.9,0
10595,2021-12-29,28.0,basic,monthly,46,12.07,4,6.7,0
10596,2021-09-16,47.0,basic,monthly,28,15.05,3,20.3,1
10597,2023-06-29,37.0,standard,yearly,37,28.68,1,19.8,0
10598,2020-05-31,,basic,monthly,27,11.87,2,8.5,0
10599,2022-05-24,40.0,premium,monthly,6,46.11,0,45.4,0
10600,2023-10-13,36.0,basic,monthly,57,7.57,4,11.3,0
10601,2023-04-25,49.0,standard,monthly,1,24.5,0,2.0,1
10602,2023-08-10,38.0,standard,yearly,17,29.29,0,6.1,0
10603,2023-05-08,,standard,monthly,50,24.49,0,7.3,1
10604,2021-03-25,29.0,basic,yearly,42,13.28,3,10.7,1
10605,2023-05-10,36.0,standard,monthly,41,27.6,0,7.7,1
10606,2021-03-14,18.0,standard,monthly,34,27.36,1,3.0,0
10607,2023-10-20,49.0,premium,yearly,28,45.2,0,,0
10608,2022-10-07,18.0,basic,monthly,59,10.22,0,14.1,0
10609,2022-07-08,56.0,standard,monthly,43,18.42,1,15.2,0
10610,2024-10-20,40.0,standard,monthly,58,21.43,0,23.1,0
10611,2020-12-13,30.0,premium,monthly,34,43.98,2,3.7,0
10612,2020-01-27,47.0,basic,monthly,5,14.05,0,4.9,1
10613,2021-06-12,43.0,standard,yearly,42,25.52,0,,0
10614,2021-08-16,18.0,standard,yearly,57,28.33,2,25.3,0
10615,2024-03-08,49.0,premium,yearly,48,41.25,0,17.6,0
10616,2021-10-20,64.0,standard,yearly,11,19.58,0,4.0,0
10617,2020-12-15,18.0,basic,monthly,49,13.71,7,19.6,1
10618,2023-10-05,42.0,standard,monthly,47,30.24,0,15.0,0
10619,2023-09-14,,basic,monthly,5,12.5,3,15.7,1
10620,2020-07-23,36.0,basic,monthly,5,10.27,2,23.9,0
10621,2021-08-02,18.0,standard,yearly,47,27.56,0,27.1,0
10622,2022-01-06,41.0,standard,monthly,6,29.12,1,15.9,1
10623,2023-10-24,50.0,standard,monthly,68,21.27,1,7.1,0
10624,2024-09-24,29.0,basic,monthly,67,10.88,1,8.5,0
10625,2023-11-08,18.0,standard,monthly,21,27.93,1,15.5,1
10626,2020-05-24,18.0,standard,monthly,62,25.65,1,10.9,0
10627,2024-03-27,23.0,basic,monthly,15,9.53,1,4.0,0
10628,2023-06-19,51.0,standard,monthly,33,24.02,2,31.3,0
10629,2020-12-15,31.0,premium,monthly,8,42.27,1,9.5,1
10630,2021-03-04,36.0,basic,monthly,15,7.54,1,5.7,0
10631,2020-06-04,45.0,basic,yearly,51,12.85,2,28.0,0
10632,2024-01-21,18.0,standard,monthly,16,21.04,1,2.8,1
10633,2024-02-06,36.0,premium,monthly,16,44.55,1,10.2,0
10634,2020-01-20,34.0,standard,yearly,21,22.11,2,26.8,0
10635,2024-05-14,40.0,premium,monthly,17,46.19,3,13.6,0
10636,2023-06-23,38.0,premium,monthly,25,43.82,2,20.4,0
10637,2022-10-22,32.0,standard,monthly,31,24.11,3,5.6,0
10638,2020-01-21,33.0,standard,monthly,5,20.27,0,17.1,1
10639,2023-10-04,39.0,basic,monthly,66,12.57,4,10.3,0
10640,2021-06-03,,basic,yearly,24,10.55,1,4.7,0
10641,2024-05-12,57.0,standard,monthly,31,22.47,1,16.8,0
10642,2023-03-14,54.0,basic,monthly,4,13.1,3,1.8,1
10643,2021-01-17,46.0,basic,yearly,34,14.55,1,0.5,0
10644,2020-04-27,36.0,basic,monthly,4,16.87,3,7.0,1
10645,2020-02-22,37.0,basic,yearly,22,12.42,2,6.9,0
10646,2022-11-03,50.0,standard,monthly,62,25.53,1,8.6,0
10647,2022-04-29,41.0,premium,monthly,9,42.04,0,18.4,0
10648,2020-01-28,29.0,basic,monthly,49,9.83,1,3.9,0
10649,2022-04-01,43.0,standard,monthly,54,28.32,0,0.9,1
10650,2024-10-17,44.0,basic,yearly,55,10.52,1,3.6,0
10651,2022-01-07,44.0,standard,monthly,7,30.28,0,17.2,1
10652,2024-03-18,27.0,premium,yearly,49,41.19,0,35.8,0
10653,2024-02-10,26.0,standard,monthly,70,24.43,1,4.2,0
10654,2020-03-26,32.0,basic,monthly,23,11.34,4,5.9,1
10655,2020-01-24,,premium,monthly,58,42.91,1,7.7,0
10656,2021-01-03,23.0,basic,monthly,48,11.01,3,16.4,0
10657,2024-03-27,49.0,premium,yearly,63,44.36,2,11.7,0
10658,2023-05-28,35.0,premium,monthly,63,45.44,1,14.3,0
10659,2021-10-21,,premium,monthly,16,44.68,1,24.1,1
10660,2022-12-24,38.0,premium,yearly,66,48.04,1,22.2,0
10661,2021-01-23,18.0,standard,yearly,35,32.4,0,1.3,0
10662,2021-06-28,,standard,monthly,30,27.18,3,16.8,0
10663,2023-10-15,36.0,standard,monthly,1,26.15,0,19.4,1
10664,2020-08-04,26.0,basic,monthly,63,9.0,4,8.1,0
10665,2022-09-03,34.0,premium,yearly,3,43.34,1,1.4,0
10666,2022-09-14,49.0,basic,monthly,53,6.89,4,2.9,0
10667,2023-12-13,37.0,basic,monthly,68,13.42,0,13.2,0
10668,2024-11-08,56.0,premium,monthly,16,40.55,2,7.0,0
10669,2021-09-15,55.0,premium,yearly,2,47.02,0,28.9,0
10670,2020-05-20,58.0,basic,monthly,40,9.72,1,8.5,1
10671,2022-02-15,45.0,premium,monthly,64,46.06,0,24.4,0
10672,2021-06-08,47.0,standard,monthly,21,26.55,1,23.1,0
10673,2022-01-19,18.0,standard,monthly,49,19.34,2,13.9,0
10674,2020-10-12,34.0,standard,monthly,15,22.61,1,,0
10675,2024-06-16,51.0,basic,yearly,25,13.07,0,10.1,0
10676,2022-06-06,45.0,basic,yearly,36,13.43,5,19.1,0
10677,2023-09-23,18.0,basic,monthly,35,14.4,1,0.8,0
10678,2021-05-27,36.0,basic,yearly,45,10.97,5,15.0,0
10679,2023-04-30,,basic,monthly,8,11.72,0,2.6,0
10680,2023-03-27,43.0,basic,monthly,2,17.35,3,8.2,1
10681,2021-11-28,33.0,basic,monthly,20,12.6,4,8.5,1
10682,2024-09-02,35.0,basic,monthly,23,14.47,2,17.6,0
10683,2023-11-16,39.0,standard,yearly,53,24.21,2,25.4,0
10684,2023-10-01,37.0,standard,monthly,28,20.49,0,17.4,0
10685,2024-07-02,43.0,standard,monthly,56,26.4,1,46.7,0
10686,2020-03-06,25.0,standard,monthly,17,26.64,3,21.5,1
10687,2022-02-01,40.0,standard,monthly,1,27.83,0,9.3,1
10688,2021-05-16,43.0,basic,monthly,51,9.3,2,3.5,1
10689,2022-10-16,26.0,standard,yearly,36,22.88,0,28.9,0
10690,2021-05-28,38.0,premium,yearly,16,38.52,0,7.3,0
10691,2022-07-08,53.0,basic,monthly,46,13.68,2,14.8,1
10692,2023-07-07,43.0,standard,monthly,42,27.44,3,10.7,0
10693,2022-12-30,43.0,standard,monthly,29,22.98,3,5.3,0
10694,2020-12-12,25.0,basic,monthly,59,10.68,2,11.8,0
10695,2024-04-30,56.0,standard,yearly,64,24.35,3,19.6,0
10696,2022-03-10,27.0,standard,monthly,66,29.77,1,22.8,0
10697,2022-10-29,39.0,standard,monthly,24,27.72,1,16.7,0
10698,2020-07-18,32.0,standard,monthly,13,28.42,2,14.8,0
10699,2021-05-07,36.0,standard,monthly,29,24.56,0,3.1,0
10700,2020-03-21,54.0,standard,monthly,17,23.67,1,14.9,1
10701,2023-07-24,48.0,basic,yearly,34,15.3,4,22.3,1
10702,2022-03-08,45.0,basic,yearly,20,7.03,0,11.2,1
10703,2020-10-14,47.0,premium,monthly,67,46.54,1,33.2,0
10704,2022-05-22,57.0,basic,monthly,25,8.1,1,2.3,0
10705,2021-08-10,18.0,basic,monthly,36,14.36,3,7.0,0
10706,2021-05-01,20.0,basic,yearly,20,13.52,3,11.5,0
10707,2024-10-30,38.0,basic,monthly,17,9.33,3,2.8,1
10708,2020-06-22,19.0,standard,monthly,50,25.65,2,15.7,0
10709,2022-03-30,49.0,standard,monthly,26,21.6,0,12.8,0
10710,2022-06-01,35.0,basic,yearly,34,8.85,3,10.0,0
10711,2022-08-04,42.0,basic,yearly,62,10.81,5,6.0,0
10712,2020-11-19,42.0,premium,yearly,4,42.71,0,4.3,0
10713,2022-01-03,45.0,basic,monthly,12,14.96,4,3.3,1
10714,2022-03-22,47.0,premium,monthly,15,51.25,2,14.9,0
10715,2022-09-12,27.0,basic,monthly,13,12.0,2,3.5,1
10716,2020-04-05,28.0,standard,monthly,18,24.98,2,24.3,1
10717,2023-12-28,37.0,standard,monthly,3,27.22,1,,1
10718,2022-12-10,39.0,standard,yearly,55,24.03,1,2.9,0
10719,2023-09-22,32.0,standard,monthly,47,26.33,1,17.5,0
10720,2024-02-11,23.0,basic,monthly,10,6.34,1,12.2,1
10721,2021-01-02,20.0,premium,yearly,57,42.89,0,7.6,0
10722,2021-08-24,40.0,standard,monthly,7,20.34,4,8.9,0
10723,2021-02-11,68.0,premium,monthly,14,39.23,1,17.4,1
10724,2021-06-08,54.0,premium,monthly,46,47.82,1,,0
10725,2024-09-17,39.0,standard,monthly,57,24.06,0,3.0,0
10726,2022-06-12,80.0,standard,monthly,7,29.67,2,14.6,1
10727,2023-09-14,26.0,premium,monthly,1,49.48,0,5.0,0
10728,2022-11-25,30.0,standard,monthly,50,24.77,0,13.5,0
10729,2022-12-20,32.0,standard,yearly,60,23.71,0,5.9,0
10730,2020-03-16,43.0,standard,monthly,13,22.69,0,31.8,0
10731,2021-06-08,60.0,standard,monthly,47,17.64,1,3.8,0
10732,2021-07-29,27.0,standard,monthly,45,23.35,3,15.8,0
10733,2020-08-24,43.0,standard,yearly,4,24.13,2,8.3,0
10734,2022-09-28,,basic,monthly,25,9.93,1,8.6,0
10735,2021-03-14,18.0,basic,yearly,1,9.04,1,18.1,0
10736,2023-10-11,45.0,basic,monthly,6,11.69,3,3.5,0
10737,2023-05-11,37.0,basic,monthly,18,10.84,6,33.9,0
10738,2021-07-18,46.0,standard,yearly,50,25.36,1,32.8,0
10739,2024-01-30,18.0,premium,monthly,43,41.99,0,28.2,0
10740,2020-04-20,56.0,basic,yearly,1,17.59,0,5.6,0
10741,2022-01-05,32.0,standard,monthly,70,26.57,0,23.0,0
10742,2024-05-25,46.0,basic,yearly,54,11.46,1,10.2,0
10743,2020-10-15,41.0,standard,monthly,1,22.59,2,2.8,0
10744,2024-02-13,32.0,basic,yearly,65,9.04,5,20.5,0
10745,2020-04-25,51.0,standard,monthly,70,27.3,3,35.1,0
10746,2024-09-29,20.0,standard,monthly,15,23.71,1,10.7,1
10747,2024-02-15,18.0,standard,monthly,31,25.09,0,12.9,0
10748,2022-03-03,30.0,basic,monthly,35,13.18,2,6.2,0
10749,2022-07-02,25.0,standard,yearly,46,23.31,1,20.2,0
10750,2022-04-08,29.0,premium,monthly,52,45.7,0,,0
10751,2020-10-17,46.0,standard,monthly,51,19.36,2,15.4,0
10752,2021-03-30,36.0,basic,yearly,22,9.05,3,2.6,0
10753,2021-07-17,41.0,premium,monthly,23,39.14,1,9.6,1
10754,2022-03-10,42.0,basic,monthly,43,10.7,2,10.0,0
10755,2024-11-16,,basic,monthly,17,10.66,1,3.5,1
10756,2024-11-12,,basic,monthly,3,17.19,3,2.2,1
10757,2021-01-04,34.0,standard,monthly,32,22.57,1,,1
10758,2022-05-17,28.0,standard,monthly,23,25.35,0,9.1,0
10759,2020-01-27,24.0,premium,monthly,54,46.16,0,6.2,0
10760,2021-10-27,43.0,standard,monthly,21,29.09,0,5.9,1
10761,2024-08-14,43.0,premium,monthly,71,46.26,0,10.8,0
10762,2024-08-14,22.0,premium,yearly,48,47.13,1,17.0,0
10763,2020-03-23,25.0,standard,monthly,54,30.26,0,7.0,0
10764,2022-10-12,52.0,standard,monthly,45,19.88,0,4.7,0
10765,2024-04-04,33.0,premium,monthly,66,43.16,0,7.2,0
10766,2021-08-18,42.0,standard,monthly,49,23.76,1,30.2,0
10767,2021-11-22,29.0,basic,monthly,66,11.69,5,12.9,0
10768,2024-06-02,35.0,premium,yearly,63,42.99,0,41.1,0
10769,2020-08-26,18.0,basic,monthly,52,15.08,0,10.6,0
10770,2022-03-10,57.0,standard,monthly,67,23.03,0,3.9,0
10771,2023-05-29,18.0,premium,yearly,3,42.93,2,11.3,1
10772,2021-02-13,50.0,standard,monthly,8,26.26,1,5.6,0
10773,2022-12-28,19.0,standard,yearly,51,22.66,2,11.9,0
10774,2020-01-07,38.0,basic,yearly,46,8.73,3,5.8,0
10775,2020-06-23,45.0,basic,monthly,7,7.96,3,11.1,1
10776,2020-03-18,23.0,standard,monthly,25,24.46,1,11.3,0
10777,2020-02-09,35.0,standard,monthly,46,27.9,0,40.7,0
10778,2020-01-05,30.0,standard,monthly,23,27.23,1,11.2,0
10779,2023-10-17,40.0,standard,yearly,64,26.2,1,23.5,0
10780,2021-02-07,31.0,premium,yearly,59,45.2,0,8.2,0
10781,2022-12-17,18.0,standard,monthly,18,23.18,2,16.5,1
10782,2020-11-08,45.0,standard,monthly,38,24.56,0,3.7,0
10783,2023-12-02,56.0,standard,monthly,34,21.18,1,9.8,0
10784,2021-03-04,60.0,standard,monthly,32,25.32,4,11.8,1
10785,2021-10-17,57.0,basic,yearly,48,14.84,2,10.8,0
10786,2022-05-14,40.0,standard,yearly,14,19.99,0,,0
10787,2023-03-03,37.0,standard,monthly,30,28.79,0,27.1,1
10788,2023-05-08,36.0,premium,monthly,53,38.38,0,13.2,0
10789,2021-05-19,52.0,basic,monthly,19,9.52,1,2.3,1
10790,2021-02-17,31.0,standard,monthly,62,21.62,3,12.7,0
10791,2020-04-14,21.0,basic,monthly,4,9.69,2,6.5,1
10792,2020-04-17,27.0,basic,monthly,48,10.77,0,1.9,0
10793,2023-05-17,41.0,basic,monthly,48,15.59,1,1.3,0
10794,2021-12-16,43.0,basic,yearly,52,8.82,3,9.9,0
10795,2021-06-16,51.0,premium,monthly,45,42.06,4,1.9,1
10796,2020-11-30,32.0,standard,monthly,8,22.6,1,16.5,1
10797,2022-03-07,37.0,basic,yearly,23,10.17,0,7.6,0
10798,2020-05-01,48.0,standard,yearly,23,22.9,1,6.4,0
10799,2021-09-09,41.0,basic,yearly,19,7.83,3,18.7,0
10800,2021-02-21,38.0,basic,monthly,34,12.57,3,14.4,0
10801,2024-05-03,34.0,standard,monthly,27,24.41,0,3.2,1
10802,2023-12-29,48.0,standard,monthly,56,27.78,0,8.5,0
10803,2024-04-01,18.0,standard,yearly,13,28.51,0,2.5,0
10804,2021-06-27,42.0,basic,monthly,7,7.14,1,15.4,0
10805,2021-09-24,54.0,basic,yearly,29,16.53,3,22.8,0
10806,2020-03-27,35.0,basic,monthly,15,13.35,3,,1
10807,2020-04-19,45.0,standard,monthly,71,28.61,3,7.9,0
10808,2021-09-19,33.0,standard,yearly,68,24.54,0,16.6,0
10809,2020-06-16,48.0,premium,monthly,41,46.75,1,10.8,1
10810,2024-09-20,37.0,premium,monthly,11,46.5,3,2.2,1
10811,2021-12-23,44.0,basic,monthly,59,15.85,1,8.6,0
10812,2024-07-19,38.0,standard,monthly,53,22.99,0,1.3,0
10813,2023-12-01,48.0,premium,monthly,45,43.02,1,46.5,0
10814,2024-01-10,49.0,basic,monthly,30,11.07,4,2.7,1
10815,2022-11-05,36.0,basic,yearly,50,15.89,3,20.7,0
10816,2024-10-19,27.0,basic,monthly,63,16.41,0,4.9,0
10817,2024-07-22,28.0,standard,monthly,14,21.5,1,2.0,1
10818,2024-02-07,18.0,standard,yearly,5,26.46,1,15.5,0
10819,2023-03-11,31.0,basic,monthly,28,11.77,4,19.2,0
10820,2023-07-28,39.0,premium,monthly,53,44.17,2,27.7,0
10821,2022-10-13,31.0,basic,monthly,34,13.49,2,4.4,1
10822,2024-10-03,55.0,standard,monthly,68,30.46,0,3.4,0
10823,2024-04-06,32.0,basic,yearly,30,13.66,4,1.5,0
10824,2023-11-30,38.0,standard,monthly,50,23.53,2,17.1,0
10825,2024-10-11,47.0,basic,monthly,49,10.02,3,1.7,1
10826,2020-07-15,37.0,standard,yearly,26,26.43,1,16.7,0
10827,2020-02-11,48.0,basic,monthly,52,12.71,5,7.6,0
10828,2020-01-31,58.0,standard,monthly,69,28.33,1,4.3,0
10829,2024-08-29,45.0,premium,monthly,59,49.13,1,35.6,0
10830,2021-09-07,26.0,basic,monthly,57,12.71,3,,0
10831,2022-01-23,47.0,premium,yearly,43,46.78,3,47.0,0
10832,2020-09-04,,basic,monthly,49,16.98,3,5.0,0
10833,2021-10-19,24.0,basic,monthly,50,15.86,3,10.8,0
10834,2023-02-01,54.0,basic,monthly,20,9.27,4,22.6,1
10835,2024-05-05,41.0,basic,monthly,64,7.69,2,11.1,0
10836,2023-01-23,29.0,basic,monthly,54,7.88,4,31.3,1
10837,2021-03-06,46.0,premium,yearly,34,39.71,1,28.9,0
10838,2024-09-29,39.0,basic,yearly,65,13.14,3,7.1,0
10839,2020-03-26,28.0,standard,yearly,41,21.22,3,23.7,0
10840,2022-01-06,45.0,standard,yearly,46,27.02,0,14.6,0
10841,2022-12-29,35.0,standard,monthly,22,22.51,2,26.7,0
10842,2020-02-14,37.0,basic,monthly,28,14.83,2,14.5,0
10843,2021-09-29,,basic,yearly,66,13.86,2,11.6,0
10844,2023-02-09,42.0,basic,monthly,70,12.44,5,10.1,1
10845,2022-05-27,40.0,standard,yearly,29,26.32,1,15.9,0
10846,2022-05-12,41.0,premium,monthly,5,41.08,2,7.3,1
10847,2020-09-25,38.0,basic,monthly,18,4.54,4,29.9,1
10848,2021-06-08,42.0,basic,monthly,23,10.26,2,26.3,0
10849,2022-02-09,37.0,standard,monthly,47,26.23,1,11.2,0
10850,2020-10-24,49.0,basic,monthly,69,7.97,1,11.4,0
10851,2023-05-09,55.0,standard,yearly,11,26.84,4,9.6,1
10852,2020-12-12,36.0,premium,monthly,44,46.67,1,34.2,0
10853,2022-10-11,19.0,basic,monthly,38,12.23,4,5.2,0
10854,2020-06-30,26.0,basic,monthly,7,12.65,1,13.4,0
10855,2021-03-31,39.0,basic,monthly,63,11.59,2,8.8,0
10856,2022-11-18,44.0,standard,monthly,40,25.29,0,14.3,0
10857,2021-03-27,25.0,premium,yearly,18,41.05,0,20.3,0
10858,2022-05-14,49.0,standard,yearly,71,28.02,1,21.2,0
10859,2022-12-08,28.0,basic,monthly,1,12.88,1,7.8,1
10860,2020-01-06,18.0,basic,monthly,66,13.47,7,6.9,0
10861,2022-05-08,36.0,standard,monthly,12,22.6,2,9.1,0
10862,2024-01-12,43.0,standard,monthly,22,20.38,3,7.4,0
10863,2023-05-10,25.0,basic,monthly,33,15.54,1,26.5,0
10864,2024-07-15,21.0,standard,yearly,18,20.42,1,15.5,0
10865,2024-08-06,34.0,standard,yearly,22,23.84,3,1.1,1
10866,2022-03-13,29.0,basic,monthly,20,11.5,2,11.8,1
10867,2022-11-02,49.0,standard,monthly,11,25.59,1,3.8,0
10868,2024-09-13,45.0,basic,yearly,16,12.82,2,2.5,1
10869,2022-07-07,44.0,basic,monthly,9,11.78,4,23.1,0
10870,2021-12-06,22.0,standard,monthly,14,20.54,2,16.9,1
10871,2023-11-19,24.0,standard,monthly,22,24.01,1,13.2,1
10872,2020-07-21,26.0,standard,monthly,22,24.57,2,3.4,0
10873,2020-08-11,59.0,standard,monthly,69,26.45,2,13.0,0
10874,2021-09-16,44.0,basic,monthly,56,12.56,2,11.4,0
10875,2020-11-02,35.0,standard,yearly,49,28.25,0,1.2,0
10876,2023-04-09,38.0,standard,monthly,38,27.36,2,3.9,1
10877,2022-12-06,26.0,basic,monthly,43,8.01,2,11.2,0
10878,2020-11-07,,standard,monthly,16,25.04,0,12.6,1
10879,2020-09-02,48.0,basic,monthly,51,13.17,2,13.8,0
10880,2020-06-16,39.0,basic,monthly,60,10.32,3,8.5,0
10881,2023-09-14,32.0,basic,monthly,41,16.38,3,12.0,0
10882,2022-04-19,56.0,standard,monthly,31,23.19,0,,0
10883,2024-10-02,28.0,premium,monthly,67,40.97,2,25.5,0
10884,2021-04-05,29.0,standard,monthly,11,19.52,0,16.3,0
10885,2020-12-14,26.0,basic,monthly,45,10.45,7,13.1,1
10886,2020-06-23,61.0,basic,monthly,45,10.46,3,4.8,0
10887,2020-05-31,39.0,basic,monthly,34,10.73,0,11.8,0
10888,2020-06-15,25.0,basic,yearly,4,5.22,4,11.7,0
10889,2024-07-17,39.0,standard,yearly,8,24.9,3,3.3,0
10890,2021-11-03,39.0,standard,yearly,2,28.33,1,19.0,0
10891,2021-04-25,44.0,basic,yearly,36,9.95,0,20.6,0
10892,2022-01-19,60.0,standard,monthly,56,26.7,2,18.5,0
10893,2020-11-07,55.0,basic,yearly,42,10.04,2,14.5,0
10894,2021-10-13,20.0,premium,yearly,22,42.44,3,35.7,0
10895,2022-09-26,58.0,standard,monthly,47,28.96,0,22.8,0
10896,2023-08-01,43.0,standard,monthly,45,27.1,2,9.2,1
10897,2020-01-10,57.0,premium,yearly,37,47.6,0,13.7,0
10898,2023-01-11,52.0,standard,monthly,32,31.96,1,4.2,0
10899,2021-04-27,33.0,standard,monthly,48,24.97,1,9.4,0
10900,2023-06-05,41.0,standard,yearly,71,24.93,0,5.6,0
10901,2021-07-15,54.0,standard,monthly,23,25.41,2,13.2,1
10902,2024-01-29,36.0,premium,monthly,7,49.31,0,5.1,1
10903,2024-11-05,31.0,basic,monthly,64,14.83,4,16.6,0
10904,2024-06-21,52.0,basic,yearly,70,9.32,2,21.6,0
10905,2022-06-16,33.0,basic,monthly,65,9.53,4,16.3,0
10906,2022-04-05,40.0,premium,yearly,50,46.12,1,12.8,0
10907,2022-04-04,49.0,basic,monthly,39,13.52,2,3.0,0
10908,2022-01-24,49.0,premium,monthly,71,46.41,3,28.2,0
10909,2020-05-04,35.0,basic,yearly,37,13.65,1,8.5,0
10910,2023-04-02,34.0,premium,yearly,14,44.43,1,3.9,0
10911,2024-05-11,39.0,basic,monthly,34,13.85,0,9.7,0
10912,2022-12-23,41.0,basic,monthly,21,13.93,1,9.4,0
10913,2020-05-12,31.0,standard,monthly,8,22.32,0,13.8,0
10914,2021-12-27,27.0,basic,monthly,9,8.23,0,6.2,0
10915,2021-08-20,37.0,basic,monthly,8,12.71,4,11.8,1
10916,2024-09-11,23.0,basic,yearly,71,10.77,2,1.9,0
10917,2020-01-19,37.0,basic,yearly,61,7.68,4,11.4,0
10918,2023-07-31,22.0,premium,monthly,21,47.32,3,22.1,1
10919,2024-01-24,44.0,standard,monthly,19,26.27,4,6.1,1
10920,2022-06-25,,standard,monthly,18,29.18,1,22.1,0
10921,2021-12-31,,basic,monthly,20,11.84,3,8.8,0
10922,2021-09-18,41.0,basic,monthly,39,12.23,1,6.4,0
10923,2022-08-23,53.0,premium,monthly,43,40.67,2,11.5,1
10924,2023-08-15,40.0,premium,monthly,63,49.23,1,9.0,0
10925,2022-06-21,33.0,standard,monthly,61,26.85,2,2.1,0
10926,2023-10-27,48.0,standard,monthly,39,27.68,1,5.6,0
10927,2020-11-24,39.0,basic,monthly,18,11.25,2,0.4,1
10928,2021-04-05,57.0,basic,monthly,2,11.82,3,10.4,1
10929,2022-06-08,19.0,standard,monthly,17,25.98,2,10.5,1
10930,2024-04-05,43.0,basic,yearly,24,9.71,2,6.5,1
10931,2024-10-16,42.0,basic,monthly,18,9.65,2,6.8,0
10932,2024-03-07,63.0,standard,yearly,45,30.98,2,12.8,0
10933,2023-09-07,32.0,basic,yearly,44,13.01,0,7.5,0
10934,2024-11-19,33.0,premium,yearly,34,42.91,2,8.5,0
10935,2020-03-11,43.0,basic,yearly,43,7.7,2,15.2,0
10936,2020-02-09,55.0,standard,monthly,16,21.44,1,11.8,1
10937,2020-12-15,48.0,basic,yearly,21,12.96,4,27.2,0
10938,2021-10-22,48.0,standard,monthly,25,22.09,2,17.5,0
10939,2023-07-23,21.0,basic,yearly,29,8.71,1,5.8,0
10940,2020-02-27,39.0,basic,yearly,31,11.33,1,5.3,0
10941,2020-10-21,29.0,standard,monthly,70,26.04,2,14.3,0
10942,2023-11-14,,premium,monthly,1,48.81,1,35.5,0
10943,2021-10-06,50.0,standard,yearly,33,22.49,2,18.9,0
10944,2022-08-11,31.0,basic,monthly,45,9.86,4,10.2,0
10945,2020-12-02,34.0,basic,yearly,1,13.06,2,11.0,0
10946,2022-04-03,32.0,basic,monthly,61,10.5,1,6.9,0
10947,2023-02-17,55.0,basic,monthly,30,14.47,2,17.9,0
10948,2020-11-30,54.0,basic,monthly,12,10.55,3,24.2,1
10949,2024-01-21,50.0,premium,yearly,65,40.96,0,27.9,0
10950,2022-04-01,64.0,basic,monthly,57,9.81,3,6.7,0
10951,2023-12-18,57.0,basic,yearly,24,7.28,5,8.7,0
10952,2021-01-10,61.0,basic,monthly,29,10.35,2,16.5,0
10953,2021-05-29,,basic,yearly,4,13.39,2,8.8,0
10954,2020-03-04,44.0,standard,monthly,19,25.1,2,13.3,1
10955,2021-06-18,18.0,basic,monthly,3,11.59,5,24.9,1
10956,2020-10-30,43.0,basic,monthly,41,8.1,3,5.1,1
10957,2022-12-08,30.0,standard,monthly,19,22.66,1,1.6,1
10958,2023-08-30,36.0,premium,monthly,13,43.78,1,11.5,0
10959,2020-10-05,45.0,basic,yearly,26,12.68,3,23.8,0
10960,2021-05-24,18.0,basic,yearly,22,19.52,3,8.5,0
10961,2020-05-22,40.0,standard,yearly,61,22.88,1,15.4,0
10962,2024-08-12,43.0,basic,monthly,58,14.76,1,20.6,0
10963,2024-01-30,47.0,basic,monthly,56,8.47,2,10.1,0
10964,2024-06-03,40.0,basic,yearly,32,8.82,1,2.9,0
10965,2023-03-15,26.0,premium,monthly,49,39.01,3,15.6,0
10966,2022-01-26,59.0,standard,monthly,69,22.57,1,9.1,0
10967,2022-09-03,38.0,standard,monthly,27,28.05,0,11.2,1
10968,2023-06-15,43.0,basic,monthly,20,11.85,2,7.8,0
10969,2020-09-12,64.0,premium,monthly,15,48.57,1,14.7,1
10970,2023-11-14,20.0,basic,monthly,17,10.41,2,21.5,1
10971,2021-03-13,31.0,basic,monthly,8,15.11,1,,0
10972,2023-07-05,49.0,standard,yearly,39,23.24,3,7.3,0
10973,2021-06-09,41.0,standard,yearly,19,27.57,2,3.8,0
10974,2021-07-14,36.0,basic,monthly,58,16.81,3,6.6,0
10975,2024-06-23,49.0,standard,yearly,49,24.22,2,22.9,0
10976,2022-11-22,26.0,basic,monthly,57,7.86,2,18.6,0
10977,2022-06-29,36.0,premium,monthly,23,50.42,1,10.9,0
10978,2021-05-14,38.0,basic,yearly,17,9.3,2,10.3,0
10979,2023-07-27,25.0,basic,monthly,44,10.21,2,5.9,0
10980,2024-07-02,42.0,standard,monthly,14,23.97,2,30.4,0
10981,2023-03-06,39.0,premium,monthly,9,47.65,0,3.7,0
10982,2021-04-25,18.0,standard,yearly,24,26.97,0,4.5,0
10983,2020-10-07,46.0,standard,monthly,30,26.87,0,12.0,0
10984,2022-11-30,24.0,basic,monthly,29,11.09,0,3.1,0
10985,2024-03-15,42.0,basic,monthly,71,11.33,4,4.1,1
10986,2023-06-06,38.0,standard,monthly,14,27.38,1,20.4,0
10987,2020-07-26,27.0,basic,yearly,70,16.91,2,10.2,0
10988,2021-03-21,32.0,premium,monthly,13,41.17,0,13.2,1
10989,2024-03-09,22.0,premium,yearly,62,48.68,2,32.0,0
10990,2022-11-14,44.0,standard,monthly,53,27.82,1,1.4,0
10991,2021-02-27,49.0,basic,monthly,63,13.92,3,2.8,1
10992,2020-07-13,47.0,premium,monthly,22,42.85,2,3.9,1
10993,2024-08-07,33.0,standard,monthly,45,25.25,0,23.0,0
10994,2024-01-23,19.0,standard,monthly,66,26.12,2,16.2,0
10995,2021-09-11,33.0,basic,monthly,28,10.04,5,3.7,1
10996,2021-01-03,27.0,standard,yearly,38,28.51,3,14.5,0
10997,2021-01-13,50.0,standard,monthly,62,23.56,1,4.9,0
10998,2021-02-15,34.0,basic,monthly,3,16.59,5,7.5,1
10999,2022-10-20,20.0,basic,monthly,44,7.49,2,22.7,0
11000,2022-11-05,43.0,basic,monthly,52,7.87,3,10.1,0
11001,2022-04-11,24.0,standard,monthly,3,19.3,2,5.4,1
11002,2023-10-12,35.0,basic,yearly,13,14.13,1,16.0,1
11003,2022-03-28,55.0,standard,monthly,65,22.27,1,6.6,0
11004,2021-09-16,56.0,standard,monthly,30,22.52,2,14.8,1
11005,2020-09-12,37.0,standard,monthly,35,27.72,0,19.0,0
11006,2021-07-11,24.0,basic,monthly,31,17.2,2,6.2,0
11007,2024-08-20,34.0,premium,monthly,19,42.72,1,19.1,1
11008,2022-04-28,40.0,basic,monthly,4,16.08,1,11.8,1
11009,2022-10-30,48.0,standard,monthly,25,26.6,1,1.9,0
11010,2021-08-17,28.0,basic,monthly,65,11.94,2,29.1,0
11011,2021-09-07,53.0,standard,monthly,55,21.38,2,14.3,0
11012,2022-01-10,31.0,basic,monthly,20,7.74,3,20.9,1
11013,2022-01-31,34.0,basic,yearly,7,12.16,1,4.4,0
11014,2024-08-08,31.0,premium,yearly,43,45.37,1,0.5,0
11015,2023-01-27,32.0,basic,monthly,49,9.89,4,18.7,0
11016,2020-12-03,62.0,standard,monthly,19,21.99,3,3.0,1
11017,2022-06-12,52.0,standard,monthly,40,21.01,1,6.4,0
11018,2024-09-05,34.0,basic,monthly,42,13.03,0,2.7,0
11019,2023-03-13,48.0,standard,monthly,25,27.0,3,14.2,1
11020,2023-04-13,29.0,premium,monthly,61,47.13,2,5.0,0
11021,2020-02-09,18.0,basic,monthly,59,13.81,1,4.2,0
11022,2020-05-14,44.0,standard,monthly,13,23.34,1,11.6,0
11023,2022-03-14,71.0,basic,monthly,9,16.77,0,21.6,0
11024,2021-05-13,36.0,standard,monthly,30,21.94,0,26.8,0
11025,2020-07-09,36.0,basic,monthly,39,13.68,2,5.3,0
11026,2022-08-28,21.0,basic,monthly,38,10.76,3,20.8,0
11027,2024-03-06,23.0,standard,monthly,31,21.62,1,12.2,1
11028,2021-05-09,38.0,basic,monthly,8,10.03,1,14.6,0
11029,2024-10-06,37.0,premium,yearly,33,46.61,2,10.5,0
11030,2020-09-11,34.0,standard,yearly,43,28.24,1,4.3,0
11031,2024-07-30,35.0,basic,monthly,61,12.94,1,16.9,0
11032,2024-11-15,37.0,standard,monthly,71,16.17,0,23.0,0
11033,2021-02-06,41.0,basic,monthly,23,14.18,1,4.6,0
11034,2021-09-11,,standard,monthly,58,18.59,4,5.5,0
11035,2022-06-12,50.0,standard,yearly,4,30.76,0,7.7,1
11036,2024-02-01,45.0,standard,monthly,37,25.63,1,8.2,1
11037,2022-10-27,25.0,basic,monthly,29,12.42,2,11.6,0
11038,2020-04-25,18.0,basic,monthly,15,14.99,1,23.2,0
11039,2021-01-07,54.0,standard,yearly,25,24.13,4,11.7,0
11040,2020-05-29,46.0,basic,monthly,8,11.2,1,16.3,0
11041,2022-03-01,44.0,premium,monthly,30,43.83,0,32.7,0
11042,2023-11-16,26.0,standard,monthly,63,25.36,0,25.5,0
11043,2021-10-16,49.0,standard,monthly,1,25.23,0,18.3,1
11044,2021-06-05,40.0,standard,monthly,53,25.66,2,29.0,0
11045,2024-10-22,44.0,premium,yearly,35,34.99,1,12.8,0
11046,2022-05-02,29.0,basic,monthly,55,11.69,2,2.7,0
11047,2024-08-09,31.0,standard,monthly,37,20.18,0,23.4,0
11048,2024-02-19,36.0,basic,monthly,34,20.17,3,8.2,1
11049,2022-10-16,48.0,premium,monthly,20,47.37,0,9.2,1
11050,2024-11-28,,premium,monthly,4,47.78,1,30.0,0
11051,2024-02-04,32.0,basic,monthly,43,13.4,2,6.6,0
11052,2022-07-07,46.0,basic,monthly,41,13.99,1,8.0,0
11053,2021-08-30,44.0,premium,monthly,35,42.28,0,35.0,0
11054,2023-06-28,60.0,standard,monthly,36,27.35,1,10.1,1
11055,2021-12-15,33.0,basic,monthly,5,14.56,3,10.5,1
11056,2023-01-06,54.0,basic,monthly,4,12.52,1,17.7,0
11057,2020-01-01,38.0,standard,monthly,60,27.31,1,9.1,0
11058,2023-09-28,50.0,standard,monthly,28,28.18,0,18.7,0
11059,2021-11-03,40.0,basic,yearly,29,12.03,1,2.5,0
11060,2023-08-22,54.0,basic,monthly,47,8.63,2,19.8,0
11061,2020-10-23,33.0,standard,yearly,45,27.46,4,32.5,0
11062,2023-11-05,56.0,standard,monthly,10,29.58,1,36.5,0
11063,2022-01-06,30.0,standard,monthly,37,21.41,0,37.8,0
11064,2020-02-11,53.0,standard,monthly,20,28.5,0,9.0,1
11065,2024-09-16,25.0,standard,monthly,35,25.78,1,7.0,0
11066,2022-04-04,50.0,standard,yearly,16,26.85,2,5.8,0
11067,2020-06-09,23.0,basic,yearly,48,14.54,2,5.3,1
11068,2023-10-06,35.0,basic,yearly,53,8.81,1,9.0,0
11069,2022-05-11,53.0,basic,monthly,27,12.88,1,11.2,0
11070,2020-07-23,42.0,standard,yearly,28,28.07,3,20.6,0
11071,2021-02-09,18.0,basic,monthly,30,16.29,2,5.7,1
11072,2023-11-05,44.0,standard,monthly,46,27.63,0,6.8,0
11073,2023-09-13,57.0,basic,monthly,17,9.2,4,6.7,1
11074,2021-07-19,50.0,standard,yearly,29,25.62,0,7.3,0
11075,2022-09-20,31.0,basic,monthly,48,11.26,1,16.5,0
11076,2022-12-09,,basic,monthly,31,12.2,3,28.0,0
11077,2023-01-13,57.0,basic,yearly,39,15.35,5,13.0,0
11078,2023-12-13,55.0,basic,yearly,9,7.81,4,9.5,1
11079,2021-05-07,18.0,basic,monthly,56,13.58,3,6.5,1
11080,2024-04-27,52.0,basic,monthly,31,13.35,2,11.9,0
11081,2024-08-30,18.0,premium,monthly,6,42.09,1,16.7,1
11082,2022-05-28,19.0,basic,monthly,71,15.4,6,14.5,1
11083,2023-05-17,39.0,standard,monthly,26,23.24,1,20.0,0
11084,2020-12-02,27.0,basic,monthly,54,12.14,0,32.7,0
11085,2021-03-23,53.0,basic,monthly,42,4.21,2,4.8,1
11086,2020-10-24,40.0,standard,yearly,50,28.38,1,11.7,0
11087,2023-09-30,23.0,basic,monthly,27,11.16,2,9.4,0
11088,2020-10-27,49.0,basic,monthly,58,11.06,2,15.6,0
11089,2023-03-18,18.0,basic,yearly,68,16.41,4,10.1,0
11090,2021-04-28,46.0,standard,monthly,5,19.18,0,30.5,0
11091,2020-01-14,46.0,premium,monthly,67,47.63,1,20.2,0
11092,2021-01-06,43.0,basic,monthly,57,15.19,1,7.0,0
11093,2024-09-19,76.0,basic,monthly,9,6.0,1,7.9,1
11094,2024-01-08,32.0,basic,yearly,57,12.8,1,13.2,0
11095,2023-06-09,22.0,basic,monthly,8,10.86,1,26.9,0
11096,2022-08-22,47.0,basic,monthly,47,8.83,3,1.5,0
11097,2022-11-29,32.0,standard,monthly,15,21.11,2,14.6,1
11098,2021-03-21,34.0,basic,monthly,65,14.19,5,8.6,0
11099,2020-10-26,19.0,standard,monthly,28,28.54,1,16.4,0
11100,2021-08-23,32.0,basic,monthly,5,8.62,1,4.8,0
11101,2022-06-06,36.0,standard,yearly,67,22.15,2,4.8,0
11102,2021-07-09,18.0,standard,monthly,7,27.5,3,3.3,0
11103,2020-02-24,51.0,basic,monthly,67,19.33,1,21.9,0
11104,2022-05-04,24.0,premium,monthly,66,40.3,0,10.5,0
11105,2021-11-17,36.0,standard,yearly,9,20.59,0,2.4,0
11106,2022-12-09,42.0,standard,monthly,30,21.71,0,1.3,1
11107,2021-07-29,44.0,basic,monthly,12,8.75,1,10.3,0
11108,2024-05-29,64.0,basic,monthly,68,15.55,3,2.4,0
11109,2024-01-01,33.0,standard,yearly,15,21.88,0,20.1,0
11110,2022-09-27,43.0,basic,yearly,34,18.84,3,11.1,0
11111,2022-03-29,44.0,premium,monthly,63,46.43,1,17.5,0
11112,2020-12-26,44.0,premium,monthly,31,48.14,4,3.9,1
11113,2024-07-02,18.0,basic,monthly,60,13.94,4,8.2,1
11114,2022-01-16,39.0,standard,monthly,58,21.85,1,6.5,0
11115,2023-02-17,37.0,standard,yearly,30,20.73,1,12.0,0
11116,2020-12-26,29.0,basic,monthly,33,14.92,1,5.2,0
11117,2024-07-09,42.0,basic,yearly,28,15.77,4,8.8,1
11118,2024-10-26,46.0,basic,monthly,13,13.36,2,11.9,1
11119,2020-03-06,41.0,standard,monthly,46,25.04,2,4.0,1
11120,2024-02-26,45.0,standard,monthly,31,25.34,2,13.5,1
11121,2023-11-06,36.0,standard,monthly,52,25.72,0,18.1,0
11122,2023-09-01,24.0,basic,monthly,15,7.87,5,13.8,1
11123,2021-01-17,63.0,premium,yearly,30,45.23,2,4.7,1
11124,2023-08-24,28.0,basic,monthly,65,12.05,3,10.0,0
11125,2020-07-31,39.0,basic,monthly,69,6.55,1,6.9,0
11126,2024-04-09,42.0,basic,monthly,61,3.72,0,6.7,0
11127,2022-01-27,24.0,basic,monthly,46,11.24,1,8.1,0
11128,2023-12-19,39.0,premium,monthly,9,38.72,1,14.8,1
11129,2021-04-09,44.0,standard,monthly,36,17.77,0,12.6,0
11130,2020-08-15,42.0,basic,yearly,25,6.67,0,7.2,0
11131,2023-03-10,38.0,premium,monthly,15,45.61,0,14.1,0
11132,2023-12-11,46.0,premium,monthly,58,44.88,1,14.1,1
11133,2021-01-04,21.0,standard,monthly,39,25.26,0,14.3,1
11134,2024-09-16,46.0,standard,monthly,2,30.26,4,3.7,1
11135,2021-06-18,50.0,premium,monthly,5,46.63,3,22.0,1
11136,2023-07-28,36.0,basic,yearly,1,16.79,3,13.8,0
11137,2022-11-26,25.0,standard,monthly,43,25.6,2,16.6,0
11138,2022-03-29,25.0,standard,monthly,14,28.33,0,3.9,0
11139,2020-08-25,38.0,standard,monthly,23,29.88,3,9.4,0
11140,2022-01-31,,basic,monthly,67,18.17,4,33.4,0
11141,2023-07-04,53.0,basic,monthly,16,11.33,2,41.8,1
11142,2022-03-03,22.0,premium,monthly,35,41.28,1,13.5,0
11143,2023-01-12,35.0,premium,yearly,24,45.19,0,42.5,0
11144,2020-07-08,22.0,basic,monthly,13,16.22,6,11.3,1
11145,2023-12-26,47.0,standard,monthly,54,29.9,3,,1
11146,2022-12-06,51.0,standard,yearly,16,25.4,1,2.8,0
11147,2022-01-19,45.0,basic,monthly,54,13.16,2,3.9,0
11148,2024-08-12,47.0,basic,monthly,10,16.95,1,2.1,1
11149,2023-03-01,46.0,basic,monthly,46,12.55,1,1.8,0
11150,2021-12-03,38.0,standard,monthly,41,27.1,1,5.0,0
11151,2024-06-14,43.0,basic,monthly,56,14.89,1,22.7,0
11152,2023-11-07,41.0,standard,monthly,15,24.32,2,1.8,1
11153,2020-02-07,40.0,standard,yearly,49,22.36,0,15.3,0
11154,2023-12-31,35.0,premium,yearly,45,52.68,2,19.9,0
11155,2022-04-21,53.0,standard,monthly,56,23.19,1,21.3,0
11156,2024-05-10,30.0,basic,yearly,70,8.69,3,,0
11157,2023-12-28,45.0,basic,monthly,69,11.2,1,3.9,0
11158,2021-10-01,,standard,monthly,44,25.49,1,15.4,0
11159,2022-07-11,18.0,basic,monthly,48,12.91,4,32.5,1
11160,2022-04-07,52.0,basic,monthly,17,10.99,2,1.5,1
11161,2021-10-18,27.0,basic,monthly,2,13.56,6,7.1,1
11162,2023-03-19,52.0,basic,monthly,12,17.34,0,20.6,0
11163,2021-12-13,18.0,basic,yearly,59,10.97,2,11.9,0
11164,2020-05-08,46.0,basic,monthly,21,12.14,2,20.5,0
11165,2023-09-27,25.0,basic,yearly,1,16.34,1,11.1,0
11166,2023-10-24,35.0,premium,monthly,35,41.87,0,14.7,0
11167,2022-10-06,49.0,basic,yearly,3,8.28,6,6.9,1
11168,2020-12-13,48.0,premium,monthly,16,42.84,0,4.3,1
11169,2020-02-04,,basic,monthly,18,11.65,4,3.1,1
11170,2022-11-06,42.0,standard,monthly,1,27.8,4,14.0,1
11171,2021-10-18,29.0,standard,monthly,5,19.9,1,1.3,1
11172,2020-11-23,41.0,standard,monthly,57,22.9,3,11.3,0
11173,2023-10-28,36.0,standard,monthly,44,21.52,0,14.8,0
11174,2021-11-29,53.0,basic,yearly,40,7.04,4,1.4,0
11175,2020-10-22,56.0,standard,monthly,48,20.98,0,11.6,0
11176,2024-05-06,30.0,basic,monthly,52,14.33,3,2.3,0
11177,2021-10-21,49.0,standard,monthly,70,25.31,1,7.9,1
11178,2023-08-07,39.0,standard,monthly,29,25.49,0,4.4,1
11179,2020-12-02,44.0,basic,yearly,64,13.92,2,16.8,0
11180,2020-06-01,54.0,basic,monthly,17,13.37,2,10.0,1
11181,2024-02-12,54.0,basic,monthly,36,13.34,1,37.3,0
11182,2022-07-22,29.0,standard,monthly,44,30.96,0,4.0,0
11183,2023-10-15,49.0,basic,monthly,44,14.09,2,49.1,0
11184,2021-01-02,50.0,standard,yearly,30,16.48,2,4.8,1
11185,2022-10-03,43.0,standard,yearly,36,26.78,2,3.4,0
11186,2020-08-11,44.0,basic,yearly,20,15.03,0,4.2,0
11187,2022-12-02,51.0,premium,monthly,56,46.55,1,11.6,0
11188,2023-10-06,30.0,standard,monthly,61,23.12,2,23.4,0
11189,2024-09-13,56.0,standard,monthly,41,21.77,2,5.0,1
11190,2020-07-27,38.0,basic,yearly,69,12.14,2,6.7,0
11191,2020-10-21,43.0,basic,monthly,27,14.13,0,7.2,0
11192,2022-05-07,30.0,basic,yearly,56,14.72,1,6.3,0
11193,2022-09-08,42.0,standard,yearly,32,19.23,1,34.9,0
11194,2024-10-20,40.0,basic,monthly,64,13.05,0,8.4,0
11195,2022-04-17,38.0,basic,monthly,71,16.01,2,2.0,1
11196,2022-04-13,18.0,standard,yearly,43,27.41,0,19.6,0
11197,2024-01-17,48.0,basic,monthly,64,19.98,2,,0
11198,2020-08-16,27.0,basic,monthly,18,9.81,3,8.9,1
11199,2020-01-06,36.0,basic,monthly,27,8.2,0,15.4,0
11200,2020-11-22,44.0,basic,yearly,61,14.77,3,2.5,0
