area_sqft,bedrooms,age_years,city,distance_to_center_km,price
1795.0,2,59,Riverside,9.4,188200.0
1725.0,3,40,Northfield,7.6,230500.0
884.0,2,35,Riverside,2.8,111000.0
1066.0,3,55,Riverside,6.6,154800.0
822.0,1,59,Northfield,3.8,83200.0
2017.0,3,18,Lakeview,9.8,291500.0
1503.0,2,40,Riverside,10.2,192200.0
926.0,1,17,Hillcrest,5.1,199500.0
1190.0,1,5,Hillcrest,7.3,232200.0
1808.0,4,44,Northfield,2.7,230400.0
1070.0,2,22,Riverside,3.1,178500.0
1146.0,1,18,Lakeview,1.9,177600.0
1551.0,4,46,Riverside,5.6,239000.0
1780.0,3,67,Hillcrest,1.0,278500.0
1147.0,1,57,Northfield,4.8,120000.0
674.0,1,9,Lakeview,3.0,121300.0
2153.0,3,22,Riverside,16.2,283500.0
1604.0,3,30,Lakeview,14.7,227700.0
1896.0,3,24,Lakeview,3.9,331800.0
1570.0,2,49,Lakeview,16.0,201000.0
1507.0,5,48,Northfield,11.3,191300.0
1828.0,3,32,Riverside,12.4,232100.0
1779.0,3,24,Lakeview,7.8,262400.0
1865.0,3,1,Northfield,12.5,256900.0
2104.0,4,29,Northfield,6.8,276400.0
1268.0,3,46,Northfield,5.1,146800.0
1506.0,2,17,Riverside,3.9,246500.0
1302.0,2,63,Northfield,8.9,125800.0
1377.0,2,41,Riverside,12.3,221000.0
450.0,1,53,Hillcrest,2.1,143800.0
658.0,1,15,Hillcrest,12.1,152800.0
2003.0,3,44,Northfield,5.6,273600.0
1029.0,1,46,Hillcrest,6.5,167900.0
1190.0,3,64,Northfield,10.2,120700.0
1823.0,4,54,Riverside,7.3,228900.0
870.0,2,11,Lakeview,4.2,173300.0
2649.0,4,46,Lakeview,14.3,369900.0
2455.0,4,23,Riverside,8.6,327300.0
499.0,1,4,Hillcrest,10.5,142300.0
2225.0,3,21,Hillcrest,4.6,377600.0
2102.0,4,40,Northfield,6.6,214800.0
2128.0,3,24,Northfield,4.0,279500.0
834.0,1,8,Northfield,9.6,114800.0
1469.0,3,46,Lakeview,4.5,251200.0
1799.0,2,24,Northfield,10.8,232800.0
1532.0,3,20,Hillcrest,1.0,283800.0
1820.0,2,35,Riverside,7.9,269700.0
1662.0,3,62,Northfield,4.8,217500.0
2272.0,3,40,Northfield,5.4,285600.0
767.0,1,13,Northfield,10.2,79700.0
2083.0,3,43,Lakeview,2.6,291400.0
2097.0,3,26,Northfield,7.1,284100.0
2440.0,3,31,Northfield,19.9,244400.0
579.0,2,58,Lakeview,16.4,101400.0
628.0,1,30,Northfield,9.8,44900.0
1242.0,2,6,Hillcrest,16.5,219700.0
2003.0,3,59,Riverside,3.4,249000.0
1280.0,2,67,Riverside,7.1,142300.0
2540.0,5,48,Northfield,8.2,306600.0
1066.0,2,28,Riverside,4.0,146800.0
1921.0,3,47,Northfield,16.9,225500.0
1775.0,2,36,Northfield,4.4,200300.0
2194.0,3,31,Northfield,,301500.0
1815.0,4,54,Hillcrest,2.1,292100.0
1291.0,2,28,Hillcrest,12.1,222000.0
450.0,1,21,Northfield,6.6,86400.0
1582.0,2,29,Lakeview,6.3,269500.0
2651.0,5,35,Lakeview,4.4,422800.0
1353.0,3,46,Lakeview,,215200.0
1593.0,2,55,Northfield,6.6,206300.0
2111.0,5,31,Riverside,12.2,284600.0
1107.0,2,48,Riverside,1.9,128900.0
1736.0,3,3,Lakeview,10.3,284900.0
2076.0,4,52,Riverside,6.4,251500.0
1329.0,2,35,Northfield,1.4,194400.0
1973.0,4,14,Riverside,8.3,297900.0
1721.0,4,7,Lakeview,1.1,305600.0
1608.0,3,30,Hillcrest,7.2,252400.0
2139.0,3,59,Lakeview,1.5,314500.0
450.0,1,25,Northfield,25.8,8700.0
1575.0,2,39,Northfield,4.3,150200.0
2279.0,5,39,Riverside,5.2,308400.0
2186.0,4,38,Northfield,3.5,301400.0
1737.0,2,29,Lakeview,11.1,263100.0
2168.0,2,50,Northfield,2.6,239200.0
2385.0,4,44,Hillcrest,4.6,413500.0
1213.0,2,41,Lakeview,8.1,153600.0
2285.0,4,1,Northfield,4.7,317300.0
1583.0,1,24,Northfield,2.3,186200.0
2029.0,3,47,Northfield,14.4,249100.0
1298.0,2,7,Northfield,7.8,177400.0
1919.0,3,26,Riverside,6.6,262300.0
707.0,2,39,Riverside,10.1,91100.0
1098.0,1,64,Northfield,2.4,113500.0
1778.0,3,9,Riverside,5.4,255100.0
2877.0,3,62,Northfield,9.5,309100.0
1775.0,2,61,Riverside,10.0,173100.0
2326.0,4,35,Riverside,3.8,310900.0
1906.0,3,46,Lakeview,14.9,276000.0
1722.0,2,62,Lakeview,7.2,258500.0
1882.0,4,58,Hillcrest,8.6,302000.0
1192.0,3,43,Riverside,5.8,131500.0
460.0,1,67,Northfield,6.4,26200.0
2583.0,4,22,Riverside,4.6,339200.0
1057.0,3,1,Northfield,8.5,166200.0
2374.0,4,28,Lakeview,10.3,344400.0
1448.0,2,26,Riverside,8.7,224600.0
1416.0,2,40,Northfield,13.6,134600.0
1050.0,2,6,Riverside,10.7,170900.0
1146.0,2,69,Riverside,6.6,153000.0
1013.0,1,35,Northfield,11.8,111200.0
2004.0,4,4,Riverside,14.5,293700.0
1950.0,4,49,Riverside,2.4,235600.0
1035.0,2,49,Northfield,3.6,125800.0
2352.0,4,55,Northfield,5.5,319900.0
1609.0,3,30,Northfield,12.2,176100.0
1584.0,3,61,Northfield,8.7,164000.0
980.0,3,50,Northfield,19.2,80600.0
1930.0,3,46,Lakeview,,260300.0
2084.0,3,69,Lakeview,,272700.0
2089.0,3,52,Riverside,16.0,255800.0
756.0,1,35,Riverside,9.2,92600.0
2095.0,3,53,Riverside,21.6,220200.0
2534.0,5,55,Northfield,1.9,331300.0
1600.0,2,47,Northfield,3.5,195800.0
2232.0,3,5,Riverside,6.9,326500.0
880.0,1,32,Riverside,2.7,140400.0
1461.0,2,62,Northfield,8.7,196000.0
1761.0,3,15,Lakeview,9.7,273800.0
2464.0,3,11,Riverside,11.3,320900.0
1599.0,4,9,Northfield,3.8,276400.0
1123.0,1,33,Riverside,5.7,133800.0
881.0,2,39,Riverside,4.7,154000.0
1343.0,2,58,Northfield,7.0,156000.0
1910.0,4,37,Northfield,9.5,272100.0
2168.0,3,0,Riverside,5.0,344400.0
1394.0,2,24,Northfield,22.3,157000.0
1032.0,3,64,Riverside,10.0,132900.0
2807.0,4,1,Lakeview,3.1,425800.0
2074.0,2,68,Riverside,0.7,222800.0
1574.0,3,8,Northfield,2.6,228100.0
1611.0,3,7,Riverside,14.8,220100.0
2077.0,4,4,Northfield,12.2,306000.0
1137.0,2,30,Riverside,13.6,132400.0
1484.0,2,69,Northfield,4.1,167400.0
1421.0,2,45,Northfield,6.1,142000.0
898.0,3,15,Hillcrest,4.5,227600.0
1016.0,2,25,Riverside,5.1,171400.0
1494.0,2,20,Lakeview,12.8,214900.0
1880.0,4,14,Northfield,13.3,263700.0
1292.0,3,1,Northfield,2.6,193000.0
1680.0,3,38,Northfield,1.9,228600.0
1913.0,4,22,Riverside,20.4,236000.0
2141.0,4,27,Riverside,7.5,302800.0
1907.0,4,60,Hillcrest,21.5,255400.0
2042.0,4,14,Lakeview,9.4,308400.0
1868.0,4,22,Northfield,9.5,269300.0
1670.0,3,60,Northfield,3.6,211900.0
1509.0,2,18,Hillcrest,11.5,276400.0
994.0,2,58,Hillcrest,2.9,180300.0
2000.0,3,29,Lakeview,10.9,289600.0
1356.0,2,22,Lakeview,,214100.0
1098.0,2,34,Northfield,2.1,138200.0
1783.0,3,0,Lakeview,5.3,321100.0
1631.0,2,53,Riverside,16.0,166800.0
2654.0,4,36,Northfield,4.6,316000.0
1534.0,3,20,Northfield,8.3,193900.0
2139.0,3,22,Northfield,7.0,268200.0
2105.0,3,5,Lakeview,3.3,323800.0
1265.0,2,64,Northfield,5.1,134900.0
2115.0,4,50,Riverside,7.6,284100.0
1156.0,2,50,Riverside,0.7,151900.0
1438.0,1,24,Hillcrest,5.7,257100.0
1350.0,1,35,Lakeview,5.1,211600.0
1724.0,2,32,Riverside,10.4,257800.0
815.0,2,56,Northfield,3.1,86200.0
2613.0,5,17,Riverside,9.9,377800.0
1907.0,4,5,Lakeview,11.7,312400.0
525.0,1,41,Riverside,14.4,56800.0
1966.0,2,67,Riverside,5.2,265700.0
2363.0,4,43,Riverside,,312200.0
1545.0,2,53,Northfield,2.2,195400.0
1634.0,3,26,Riverside,6.9,236500.0
1635.0,4,24,Northfield,2.0,265400.0
1192.0,2,46,Riverside,3.9,169300.0
1924.0,4,42,Northfield,3.9,227900.0
1059.0,1,8,Lakeview,6.3,203100.0
1331.0,3,2,Hillcrest,10.2,264800.0
1454.0,2,35,Riverside,6.7,198600.0
2625.0,4,0,Riverside,11.6,354600.0
1687.0,3,30,Hillcrest,1.8,325300.0
1754.0,4,19,Riverside,1.5,290900.0
998.0,2,21,Northfield,7.3,110500.0
1469.0,4,50,Northfield,3.7,209300.0
1331.0,2,40,Riverside,9.3,188800.0
1020.0,2,43,Riverside,15.5,133300.0
2097.0,2,56,Lakeview,8.1,269800.0
1255.0,1,44,Northfield,28.8,71500.0
2181.0,3,11,Riverside,5.8,338400.0
1844.0,2,57,Lakeview,13.6,226300.0
825.0,2,3,Northfield,9.9,128900.0
1022.0,2,43,Northfield,1.0,93600.0
1497.0,2,4,Lakeview,3.7,253100.0
1506.0,3,48,Hillcrest,18.5,229600.0
1646.0,2,25,Riverside,10.3,225600.0
1453.0,3,35,Hillcrest,6.2,237000.0
2310.0,3,50,Riverside,4.1,324700.0
1483.0,2,8,Northfield,3.0,214500.0
1445.0,3,42,Northfield,14.2,146500.0
2449.0,4,32,Hillcrest,4.8,399600.0
2694.0,4,68,Riverside,5.9,353300.0
2117.0,3,13,Riverside,7.8,293100.0
1891.0,3,23,Northfield,19.9,192000.0
2304.0,4,4,Hillcrest,3.1,412100.0
1852.0,3,39,Riverside,9.0,255100.0
1102.0,1,20,Lakeview,5.2,199200.0
2081.0,2,40,Lakeview,4.4,312500.0
1958.0,3,8,Northfield,6.0,301700.0
1533.0,3,63,Hillcrest,3.4,228600.0
1474.0,4,65,Northfield,3.7,191000.0
945.0,2,14,Northfield,,143000.0
2176.0,4,62,Riverside,,317000.0
614.0,1,58,Northfield,1.8,58000.0
1119.0,1,45,Northfield,4.8,103100.0
528.0,1,56,Riverside,,72400.0
1935.0,3,44,Northfield,6.4,230400.0
2521.0,4,1,Riverside,11.8,369100.0
1761.0,4,25,Riverside,4.3,297000.0
2003.0,2,64,Northfield,4.6,219900.0
1016.0,3,51,Riverside,4.6,140100.0
2688.0,4,47,Riverside,2.2,340200.0
1650.0,3,9,Riverside,10.9,235000.0
2195.0,5,35,Riverside,13.3,313900.0
2846.0,4,28,Hillcrest,2.9,430500.0
987.0,2,67,Riverside,4.7,126100.0
976.0,1,21,Lakeview,7.9,171800.0
2803.0,5,66,Lakeview,6.8,367800.0
1561.0,3,54,Riverside,6.5,234800.0
1745.0,4,5,Northfield,6.0,235200.0
1255.0,1,35,Riverside,9.7,162700.0
1971.0,2,22,Riverside,3.8,281200.0
1055.0,1,26,Riverside,4.1,167500.0
2269.0,2,49,Lakeview,4.6,337000.0
1778.0,3,15,Riverside,7.6,318000.0
1370.0,3,13,Hillcrest,16.5,263600.0
1697.0,3,38,Riverside,4.1,237600.0
1649.0,3,24,Riverside,4.5,234000.0
2183.0,3,30,Riverside,1.8,336800.0
1513.0,3,60,Riverside,6.5,212500.0
1911.0,3,28,Lakeview,2.2,282200.0
2007.0,4,7,Northfield,13.1,236600.0
2002.0,4,24,Northfield,3.9,277800.0
1554.0,2,0,Riverside,2.4,225300.0
1583.0,2,43,Northfield,4.5,234700.0
930.0,1,60,Riverside,6.3,165300.0
1589.0,3,25,Lakeview,6.7,267500.0
1378.0,1,23,Lakeview,3.2,238900.0
1915.0,3,21,Riverside,7.4,282500.0
1508.0,4,65,Riverside,7.8,212900.0
819.0,2,24,Northfield,,94300.0
1134.0,2,22,Northfield,7.0,176000.0
755.0,1,59,Lakeview,23.4,84900.0
1580.0,2,62,Northfield,5.6,169300.0
1705.0,3,17,Riverside,12.6,258600.0
1708.0,2,9,Riverside,9.8,249500.0
954.0,2,55,Riverside,5.6,127600.0
1468.0,2,10,Riverside,10.7,217400.0
2087.0,4,27,Riverside,8.7,296700.0
860.0,1,22,Northfield,2.0,109600.0
1794.0,3,25,Riverside,8.4,247600.0
1774.0,2,1,Lakeview,2.7,300800.0
1246.0,3,45,Hillcrest,6.7,208300.0
1857.0,3,24,Riverside,9.7,240900.0
2185.0,4,63,Northfield,5.0,282700.0
487.0,1,60,Northfield,3.9,53000.0
1208.0,2,9,Northfield,13.9,152700.0
2028.0,4,6,Northfield,4.9,286900.0
2274.0,4,68,Northfield,8.4,322800.0
796.0,1,67,Riverside,16.1,75900.0
1857.0,4,13,Lakeview,11.0,334500.0
1530.0,2,25,Northfield,5.0,203800.0
1921.0,3,26,Northfield,6.7,254000.0
1739.0,3,9,Hillcrest,11.5,309600.0
1793.0,3,50,Riverside,9.5,222900.0
1908.0,3,35,Lakeview,6.7,292700.0
1845.0,4,4,Riverside,7.9,279900.0
2385.0,3,60,Hillcrest,6.1,337500.0
1640.0,3,35,Hillcrest,6.4,274200.0
1493.0,2,59,Riverside,12.9,162000.0
1890.0,4,8,Lakeview,8.4,302900.0
2688.0,4,51,Hillcrest,3.4,409200.0
1483.0,2,26,Hillcrest,5.2,290200.0
2115.0,4,49,Northfield,5.2,284500.0
1884.0,2,25,Lakeview,2.9,313500.0
1961.0,4,65,Northfield,3.1,234800.0
973.0,2,62,Riverside,6.6,139000.0
1494.0,3,0,Riverside,11.6,267400.0
2071.0,2,42,Riverside,7.6,269300.0
1757.0,3,38,Lakeview,8.9,287800.0
2738.0,4,14,Riverside,8.8,386200.0
1530.0,2,33,Riverside,5.2,192000.0
1014.0,2,22,Hillcrest,11.3,212300.0
1975.0,3,22,Hillcrest,2.5,346700.0
1055.0,1,50,Riverside,4.8,137600.0
1988.0,4,10,Lakeview,3.6,334300.0
1763.0,3,67,Hillcrest,3.8,265100.0
1232.0,2,45,Riverside,2.4,173400.0
1724.0,2,37,Lakeview,1.2,268100.0
1132.0,1,65,Riverside,5.5,164600.0
2476.0,4,66,Hillcrest,19.9,296100.0
1037.0,1,0,Northfield,7.4,138900.0
1823.0,3,25,Riverside,7.4,270300.0
1484.0,3,48,Lakeview,10.2,233400.0
1538.0,2,6,Riverside,7.8,252800.0
932.0,1,44,Riverside,4.1,131700.0
1532.0,3,12,Hillcrest,13.3,275700.0
1433.0,1,53,Riverside,17.4,113000.0
1985.0,3,8,Northfield,5.3,263600.0
2179.0,3,47,Riverside,13.7,290900.0
1664.0,3,56,Northfield,11.0,191100.0
850.0,2,60,Lakeview,3.6,147700.0
996.0,3,46,Northfield,9.9,129700.0
992.0,2,23,Northfield,9.5,153800.0
1847.0,4,43,Northfield,10.4,232000.0
1861.0,2,11,Lakeview,8.9,272600.0
1266.0,2,68,Riverside,4.6,161500.0
1725.0,3,39,Northfield,7.0,210200.0
1405.0,2,0,Riverside,5.0,210900.0
1692.0,3,32,Northfield,3.3,246800.0
1594.0,3,12,Riverside,3.6,237300.0
2023.0,4,53,Hillcrest,8.0,303800.0
1696.0,2,17,Hillcrest,3.5,310700.0
1743.0,4,65,Riverside,4.7,252700.0
894.0,2,11,Riverside,12.7,159300.0
1202.0,1,24,Riverside,5.2,156900.0
1515.0,2,0,Northfield,17.8,196800.0
834.0,1,14,Riverside,6.6,145300.0
1776.0,3,43,Northfield,14.8,199500.0
3030.0,4,28,Northfield,6.6,383900.0
1678.0,3,22,Northfield,2.8,210400.0
1820.0,4,54,Hillcrest,1.4,347900.0
2156.0,3,37,Riverside,5.1,272200.0
2103.0,3,8,Riverside,9.7,345500.0
2364.0,3,61,Riverside,13.0,248700.0
1949.0,5,65,Riverside,3.1,258000.0
1620.0,2,49,Hillcrest,5.3,304900.0
1703.0,3,11,Northfield,8.7,216600.0
1570.0,2,49,Lakeview,6.1,241200.0
1436.0,2,34,Hillcrest,7.9,243300.0
2655.0,4,23,Riverside,15.1,351100.0
1858.0,2,42,Hillcrest,7.5,288900.0
1866.0,4,63,Northfield,,229600.0
1453.0,2,14,Northfield,12.8,167500.0
2361.0,5,55,Lakeview,3.3,337100.0
1897.0,3,51,Lakeview,5.2,282400.0
961.0,3,29,Riverside,11.8,144600.0
2485.0,5,64,Riverside,16.5,297200.0
1084.0,2,58,Hillcrest,16.6,169000.0
746.0,1,2,Northfield,4.1,115600.0
1646.0,4,35,Riverside,10.3,226300.0
1614.0,3,60,Riverside,16.2,170800.0
1767.0,4,31,Lakeview,6.5,301900.0
1506.0,2,15,Hillcrest,11.1,270100.0
1874.0,4,36,Lakeview,8.9,261200.0
1985.0,4,32,Northfield,8.6,263900.0
2525.0,6,7,Hillcrest,10.2,447700.0
2687.0,5,61,Hillcrest,4.3,403700.0
772.0,1,1,Hillcrest,9.9,179500.0
1044.0,1,46,Riverside,10.2,97500.0
2529.0,4,43,Riverside,10.4,337200.0
1340.0,2,61,Riverside,5.8,181700.0
2431.0,3,48,Riverside,11.2,325600.0
1728.0,3,50,Northfield,16.2,179400.0
1627.0,3,27,Northfield,7.6,208200.0
1544.0,3,45,Riverside,7.6,175500.0
1806.0,3,36,Riverside,6.1,231900.0
1817.0,3,40,Riverside,7.6,266400.0
1343.0,3,30,Northfield,1.6,229800.0
2019.0,2,53,Northfield,12.0,207900.0
1136.0,1,37,Northfield,4.6,133800.0
1085.0,3,18,Riverside,1.8,205500.0
1480.0,2,44,Northfield,0.5,194100.0
1846.0,3,27,Hillcrest,9.4,287500.0
2749.0,5,64,Hillcrest,11.8,431500.0
2406.0,3,53,Riverside,4.2,326200.0
1482.0,3,57,Riverside,4.6,215900.0
1457.0,4,27,Lakeview,0.5,283700.0
1474.0,2,47,Riverside,11.3,218000.0
1096.0,1,3,Riverside,7.3,161700.0
963.0,1,49,Northfield,10.0,103400.0
1620.0,3,62,Hillcrest,8.3,271800.0
2007.0,4,33,Hillcrest,1.3,347500.0
2368.0,4,46,Riverside,2.7,324600.0
1188.0,2,14,Northfield,5.7,185500.0
1146.0,1,47,Lakeview,12.1,142700.0
1130.0,2,61,Lakeview,13.6,143000.0
1865.0,3,58,Riverside,2.8,215800.0
2041.0,3,3,Hillcrest,,371500.0
754.0,1,40,Riverside,9.0,92000.0
2271.0,3,3,Riverside,11.4,310700.0
1913.0,3,48,Riverside,8.8,250100.0
1426.0,3,43,Lakeview,5.3,206100.0
2236.0,3,10,Northfield,5.0,307100.0
1714.0,3,5,Riverside,4.5,291300.0
2601.0,4,4,Riverside,3.9,395200.0
2049.0,4,18,Riverside,5.2,322700.0
1543.0,3,38,Riverside,8.0,238200.0
1981.0,3,53,Northfield,11.5,210100.0
1966.0,3,33,Riverside,20.1,249800.0
1557.0,2,51,Lakeview,13.5,213800.0
1096.0,1,8,Hillcrest,9.6,248100.0
1719.0,2,53,Riverside,1.5,188000.0
1864.0,4,16,Riverside,0.6,299800.0
1180.0,3,35,Lakeview,7.9,193500.0
2349.0,3,48,Riverside,10.2,286100.0
909.0,2,67,Lakeview,3.0,137300.0
1533.0,2,2,Hillcrest,14.7,276200.0
1680.0,4,53,Lakeview,6.1,264600.0
1468.0,3,24,Lakeview,10.6,216000.0
1937.0,4,48,Lakeview,5.0,315800.0
1795.0,4,6,Hillcrest,11.9,374300.0
1649.0,3,62,Lakeview,4.6,240900.0
863.0,1,16,Hillcrest,11.0,201700.0
1250.0,1,9,Lakeview,1.7,212800.0
1956.0,2,19,Northfield,9.0,238900.0
2571.0,4,62,Riverside,2.5,342100.0
453.0,1,48,Riverside,7.9,93900.0
1507.0,3,44,Northfield,4.9,192400.0
1708.0,3,26,Riverside,13.2,229600.0
1706.0,2,53,Hillcrest,6.2,256100.0
1635.0,3,19,Riverside,14.6,206700.0
2037.0,3,41,Hillcrest,4.3,333300.0
1204.0,2,40,Riverside,14.7,171300.0
1554.0,3,18,Hillcrest,15.4,278700.0
1389.0,2,58,Riverside,9.1,169100.0
1225.0,3,43,Riverside,2.9,179800.0
1868.0,3,41,Northfield,1.6,265700.0
2039.0,4,19,Lakeview,2.3,302300.0
1388.0,3,12,Riverside,7.4,215700.0
1727.0,2,64,Riverside,6.0,211300.0
1688.0,3,56,Northfield,4.0,244500.0
1472.0,3,60,Northfield,7.5,159400.0
1644.0,3,36,Riverside,2.7,260300.0
2551.0,5,16,Hillcrest,16.2,412200.0
1420.0,2,49,Lakeview,9.0,169000.0
1350.0,1,41,Lakeview,6.9,193000.0
2244.0,4,7,Riverside,8.3,337400.0
2339.0,3,39,Northfield,3.0,267800.0
2025.0,4,68,Northfield,9.9,231500.0
1652.0,2,23,Riverside,11.2,222100.0
1751.0,3,41,Northfield,7.7,187300.0
1953.0,3,39,Riverside,8.0,277300.0
1978.0,4,44,Riverside,15.5,233300.0
1539.0,4,8,Riverside,7.6,287600.0
1970.0,3,50,Northfield,19.4,176500.0
2012.0,4,68,Northfield,6.9,245600.0
2060.0,3,32,Riverside,5.1,289500.0
450.0,1,57,Lakeview,6.6,66900.0
1849.0,4,31,Northfield,6.3,255700.0
1272.0,2,52,Northfield,5.8,109700.0
1470.0,3,32,Northfield,5.2,220800.0
980.0,2,11,Northfield,9.9,131800.0
824.0,1,23,Riverside,8.9,102400.0
1718.0,2,16,Lakeview,7.0,267100.0
2738.0,5,18,Riverside,4.8,378700.0
1862.0,2,56,Riverside,16.4,192600.0
2232.0,5,47,Riverside,6.9,295800.0
1258.0,2,22,Riverside,8.8,146900.0
2128.0,4,50,Riverside,12.1,277000.0
1383.0,2,59,Riverside,6.2,208400.0
1979.0,3,62,Riverside,21.7,210600.0
1751.0,3,48,Riverside,8.5,191500.0
1405.0,3,1,Riverside,3.6,251200.0
2054.0,3,50,Lakeview,12.5,279200.0
1715.0,1,32,Riverside,4.8,237700.0
999.0,2,12,Northfield,9.3,186200.0
2061.0,4,17,Lakeview,4.4,336000.0
1628.0,4,32,Northfield,7.7,227500.0
1501.0,3,10,Northfield,2.4,239100.0
1650.0,2,23,Northfield,9.3,241200.0
450.0,1,17,Riverside,6.6,82000.0
1682.0,2,13,Lakeview,5.7,276800.0
915.0,3,26,Northfield,3.6,168600.0
1840.0,2,41,Northfield,10.8,192400.0
1378.0,2,40,Northfield,17.0,110600.0
2140.0,3,1,Lakeview,5.1,374300.0
1279.0,2,43,Riverside,7.1,197000.0
2519.0,5,64,Riverside,4.8,330600.0
1988.0,2,22,Lakeview,8.5,293700.0
937.0,2,6,Hillcrest,14.2,181500.0
1837.0,2,35,Northfield,11.7,202000.0
2482.0,4,60,Northfield,2.2,290600.0
1962.0,4,14,Riverside,6.4,302100.0
815.0,1,29,Riverside,6.6,163300.0
1555.0,3,22,Riverside,10.0,181700.0
1960.0,4,30,Lakeview,1.8,316200.0
2150.0,5,65,Northfield,10.0,264900.0
1405.0,3,53,Lakeview,2.7,227600.0
1864.0,3,58,Northfield,2.0,248700.0
1917.0,3,13,Northfield,4.0,276000.0
2143.0,2,49,Hillcrest,4.7,315400.0
2288.0,3,44,Northfield,11.9,251200.0
1756.0,3,5,Hillcrest,3.0,308900.0
2090.0,4,56,Northfield,8.3,266800.0
1158.0,2,26,Hillcrest,5.0,235200.0
1355.0,1,7,Northfield,6.4,188900.0
1754.0,4,6,Northfield,7.6,246200.0
1030.0,2,30,Northfield,9.6,108400.0
1002.0,2,15,Riverside,15.2,142200.0
1515.0,2,68,Riverside,6.5,160700.0
2005.0,2,50,Lakeview,8.0,270800.0
1423.0,2,58,Hillcrest,17.2,214100.0
2480.0,5,52,Riverside,6.1,386500.0
2067.0,4,18,Northfield,14.0,268100.0
950.0,2,42,Riverside,7.6,116400.0
1458.0,3,40,Riverside,7.4,251500.0
1603.0,3,47,Riverside,5.1,189300.0
922.0,3,69,Riverside,4.9,103400.0
1758.0,4,19,Hillcrest,5.9,351500.0
1432.0,2,12,Northfield,5.4,222700.0
1231.0,2,34,Lakeview,3.2,175900.0
1878.0,4,29,Northfield,13.5,228000.0
1237.0,3,29,Hillcrest,11.4,234000.0
1879.0,3,23,Lakeview,4.3,268300.0
2115.0,3,7,Northfield,19.6,252200.0
1468.0,4,52,Riverside,8.6,207500.0
971.0,2,21,Hillcrest,6.9,191100.0
1826.0,2,2,Northfield,6.5,238700.0
2715.0,3,64,Riverside,1.6,319700.0
690.0,1,9,Riverside,3.6,132900.0
1538.0,3,17,Riverside,6.5,254500.0
1489.0,2,27,Lakeview,2.8,224800.0
1570.0,3,5,Riverside,1.2,281000.0
2047.0,3,42,Hillcrest,4.5,350900.0
1548.0,2,43,Riverside,0.9,221600.0
2071.0,3,9,Northfield,8.3,246200.0
1838.0,3,61,Northfield,5.0,240200.0
1994.0,3,44,Riverside,18.8,220000.0
676.0,1,45,Northfield,13.5,49400.0
2080.0,4,33,Northfield,5.9,290500.0
1916.0,3,60,Northfield,2.7,219100.0
1484.0,1,65,Riverside,7.3,168100.0
1954.0,4,21,Northfield,10.3,287000.0
2162.0,4,2,Riverside,13.3,323700.0
1402.0,3,41,Northfield,11.0,177500.0
2003.0,3,23,Northfield,7.9,268600.0
450.0,1,15,Lakeview,9.9,115600.0
2167.0,2,27,Riverside,15.1,277100.0
1554.0,2,18,Riverside,11.0,213100.0
1135.0,2,25,Riverside,7.1,171600.0
901.0,1,1,Hillcrest,6.6,220500.0
1233.0,1,12,Riverside,7.9,170600.0
605.0,1,68,Riverside,7.2,52400.0
2333.0,4,57,Northfield,4.6,285300.0
1790.0,3,10,Riverside,3.8,247400.0
819.0,1,67,Hillcrest,16.6,109900.0
939.0,2,39,Riverside,1.8,144600.0
1949.0,4,19,Riverside,13.8,297500.0
2627.0,5,6,Riverside,2.9,395400.0
1989.0,3,25,Lakeview,8.1,298000.0
1562.0,2,1,Riverside,7.0,244600.0
2477.0,4,12,Lakeview,21.0,351200.0
1603.0,3,59,Northfield,25.1,134200.0
1439.0,3,35,Hillcrest,2.5,319600.0
1274.0,2,2,Northfield,9.8,164900.0
1800.0,2,47,Northfield,6.2,223500.0
1268.0,2,52,Northfield,27.4,101800.0
2164.0,3,59,Hillcrest,7.9,328100.0
2047.0,3,16,Lakeview,5.7,305600.0
1946.0,3,9,Northfield,9.2,268300.0
2303.0,2,53,Riverside,1.7,295400.0
1320.0,2,68,Riverside,5.7,120200.0
1124.0,1,6,Hillcrest,18.0,209800.0
991.0,2,34,Riverside,16.9,148500.0
1069.0,1,35,Northfield,13.8,92100.0
1416.0,1,1,Northfield,1.8,234000.0
2618.0,5,9,Lakeview,1.6,383900.0
3063.0,6,54,Northfield,8.6,386200.0
492.0,1,5,Riverside,11.4,77100.0
1114.0,2,59,Hillcrest,4.6,188200.0
1590.0,2,12,Northfield,1.3,236500.0
1177.0,1,24,Riverside,11.5,178000.0
1485.0,2,24,Northfield,2.5,218100.0
1579.0,2,11,Hillcrest,7.7,279700.0
1111.0,3,0,Riverside,15.6,154900.0
1730.0,3,58,Lakeview,6.4,238400.0
1283.0,1,61,Northfield,5.9,121900.0
975.0,2,33,Hillcrest,15.4,180700.0
1491.0,3,5,Northfield,5.5,222400.0
1746.0,1,21,Riverside,11.2,227000.0
1586.0,2,24,Hillcrest,6.3,290000.0
1074.0,3,27,Lakeview,5.6,203800.0
2602.0,3,57,Lakeview,8.2,333500.0
1719.0,2,44,Northfield,2.2,216800.0
1886.0,2,33,Hillcrest,22.2,250400.0
1845.0,3,20,Lakeview,9.5,312800.0
1392.0,3,55,Northfield,5.8,183200.0
1495.0,2,9,Northfield,2.6,197000.0
1051.0,2,37,Northfield,8.6,95000.0
1520.0,2,6,Riverside,10.9,210000.0
2339.0,4,8,Riverside,8.2,332900.0
659.0,1,64,Lakeview,12.8,92600.0
1751.0,2,25,Riverside,4.8,295200.0
1975.0,2,57,Northfield,6.6,217500.0
1139.0,1,3,Lakeview,4.1,202100.0
2038.0,4,31,Riverside,1.9,294600.0
1563.0,2,38,Riverside,9.0,196000.0
1365.0,3,21,Lakeview,14.7,187600.0
1393.0,3,52,Riverside,12.6,167900.0
1570.0,4,55,Northfield,9.4,188500.0
1224.0,3,68,Hillcrest,11.4,197800.0
1528.0,2,53,Hillcrest,1.1,299600.0
1471.0,3,9,Lakeview,1.2,280700.0
1870.0,3,43,Northfield,3.3,246400.0
1454.0,3,14,Hillcrest,7.3,288900.0
1443.0,3,44,Riverside,11.0,187000.0
932.0,1,46,Lakeview,4.9,148300.0
2114.0,3,5,Northfield,12.0,257600.0
2157.0,4,4,Riverside,11.1,329400.0
2607.0,2,25,Lakeview,5.6,380700.0
1812.0,4,31,Northfield,0.6,260000.0
1732.0,4,25,Riverside,6.9,249900.0
1444.0,2,63,Riverside,18.9,118600.0
1564.0,4,13,Riverside,3.4,280400.0
1883.0,3,37,Hillcrest,,319300.0
1054.0,1,9,Northfield,5.5,161100.0
2259.0,5,44,Riverside,19.7,287800.0
451.0,2,5,Northfield,5.9,104400.0
2191.0,4,22,Northfield,8.6,309400.0
1387.0,3,30,Lakeview,4.1,204700.0
2229.0,3,7,Riverside,7.1,311200.0
1672.0,2,21,Riverside,10.2,215100.0
1628.0,2,21,Northfield,5.6,226800.0
2012.0,4,39,Riverside,13.4,251100.0
1628.0,2,59,Riverside,9.8,205400.0
2127.0,4,53,Northfield,,258500.0
2329.0,4,24,Riverside,16.8,320600.0
2168.0,5,9,Riverside,7.1,340600.0
1164.0,3,64,Lakeview,4.4,168900.0
1516.0,2,60,Northfield,1.0,178900.0
890.0,1,14,Riverside,7.7,168000.0
2088.0,3,10,Hillcrest,2.9,386700.0
1222.0,2,45,Hillcrest,8.0,225800.0
2026.0,3,11,Hillcrest,7.0,350600.0
1196.0,3,30,Northfield,5.0,177900.0
994.0,2,52,Lakeview,10.3,143600.0
899.0,1,25,Northfield,3.1,122600.0
812.0,1,11,Riverside,3.4,150000.0
2949.0,4,28,Lakeview,8.1,439000.0
1965.0,4,2,Northfield,6.8,285200.0
1456.0,1,41,Riverside,5.4,201400.0
1990.0,4,12,Lakeview,,254300.0
2228.0,4,1,Lakeview,10.7,320700.0
1804.0,3,43,Lakeview,8.3,242800.0
1997.0,2,16,Riverside,9.8,264600.0
1583.0,2,24,Northfield,11.1,209900.0
1025.0,3,10,Lakeview,15.4,192700.0
1531.0,1,6,Northfield,12.3,190000.0
1718.0,2,68,Lakeview,6.7,227100.0
1687.0,3,10,Northfield,12.7,238600.0
762.0,2,62,Lakeview,5.8,107900.0
1522.0,3,29,Hillcrest,1.7,283500.0
2568.0,5,34,Northfield,2.7,348800.0
1111.0,2,20,Lakeview,7.4,164500.0
1443.0,3,57,Northfield,5.2,192600.0
3459.0,5,20,Northfield,7.2,480000.0
2212.0,5,61,Lakeview,16.4,302500.0
1374.0,3,47,Northfield,7.3,187300.0
1599.0,3,50,Northfield,3.5,221500.0
1880.0,3,46,Riverside,3.1,278200.0
787.0,1,57,Riverside,8.5,92200.0
846.0,1,20,Northfield,10.9,105800.0
2482.0,4,4,Northfield,,328900.0
1380.0,3,52,Riverside,7.0,200000.0
1294.0,4,14,Hillcrest,7.7,257900.0
1247.0,2,8,Riverside,2.2,181000.0
1125.0,2,41,Northfield,3.6,138400.0
2219.0,4,17,Hillcrest,5.4,386300.0
2046.0,4,21,Hillcrest,14.2,338900.0
1085.0,2,15,Riverside,8.1,167000.0
1257.0,2,19,Northfield,4.9,178100.0
1059.0,1,48,Northfield,6.6,74600.0
1281.0,2,3,Northfield,4.5,221300.0
1580.0,3,6,Lakeview,6.5,222000.0
1734.0,3,1,Northfield,9.5,233400.0
2597.0,4,18,Northfield,7.6,372900.0
2783.0,5,38,Riverside,15.1,360500.0
1073.0,2,29,Northfield,5.1,134100.0
1669.0,3,27,Northfield,12.4,212800.0
1142.0,1,49,Lakeview,24.7,109100.0
1245.0,4,60,Northfield,2.4,183700.0
1827.0,4,59,Hillcrest,6.1,287700.0
2333.0,4,50,Riverside,0.7,329500.0
2122.0,3,2,Hillcrest,5.5,375000.0
1445.0,2,36,Northfield,6.2,156300.0
1005.0,1,51,Hillcrest,5.7,159400.0
1012.0,3,34,Riverside,3.9,165200.0
2007.0,3,14,Northfield,7.4,246700.0
1472.0,2,50,Hillcrest,7.5,243000.0
851.0,1,31,Riverside,3.2,103100.0
2015.0,5,27,Lakeview,12.4,299700.0
1449.0,1,35,Hillcrest,2.2,230100.0
848.0,2,62,Northfield,5.0,51300.0
2512.0,3,15,Northfield,3.5,362700.0
1624.0,3,37,Lakeview,2.6,232000.0
2098.0,4,62,Northfield,4.2,239100.0
2072.0,4,23,Northfield,8.2,281200.0
2678.0,4,11,Northfield,9.0,381800.0
1717.0,2,53,Riverside,15.9,177000.0
1684.0,2,45,Northfield,8.2,216300.0
597.0,1,30,Northfield,6.1,55400.0
493.0,1,39,Northfield,9.6,64100.0
1735.0,2,38,Riverside,8.6,239500.0
1880.0,4,64,Northfield,6.4,213300.0
1606.0,3,59,Riverside,4.6,215900.0
1717.0,2,27,Northfield,11.5,191600.0
1873.0,3,14,Riverside,4.8,261200.0
1026.0,2,22,Hillcrest,1.0,215400.0
1849.0,3,10,Northfield,10.3,247900.0
2303.0,5,38,Lakeview,11.6,337300.0
1569.0,2,31,Riverside,3.1,190300.0
2459.0,3,6,Lakeview,,376700.0
1780.0,4,3,Lakeview,1.7,320600.0
1903.0,3,37,Riverside,7.1,301000.0
1701.0,3,59,Riverside,9.3,226200.0
464.0,1,0,Hillcrest,5.7,161100.0
1905.0,3,42,Northfield,9.9,226600.0
1254.0,2,50,Riverside,3.6,150700.0
2102.0,4,21,Riverside,7.7,281300.0
1833.0,5,13,Northfield,1.7,301800.0
1645.0,2,58,Northfield,6.0,202400.0
1513.0,2,59,Northfield,6.9,203000.0
1607.0,3,1,Hillcrest,7.7,298800.0
2486.0,4,2,Riverside,11.5,378800.0
1800.0,3,35,Northfield,13.8,213500.0
1841.0,3,12,Lakeview,5.9,292800.0
1824.0,4,18,Northfield,4.6,281300.0
1655.0,4,63,Northfield,7.5,197100.0
1087.0,2,34,Lakeview,2.5,184500.0
1141.0,2,3,Northfield,7.2,200000.0
2695.0,5,64,Northfield,5.6,325200.0
1204.0,3,44,Northfield,5.5,177800.0
1154.0,2,5,Northfield,6.4,198100.0
1907.0,4,68,Lakeview,5.6,277200.0
1184.0,3,34,Hillcrest,7.9,214500.0
1781.0,4,48,Northfield,4.1,218000.0
2006.0,3,57,Lakeview,9.1,245700.0
2205.0,3,35,Lakeview,3.7,350400.0
1844.0,2,16,Riverside,12.8,236700.0
2520.0,3,9,Lakeview,4.3,375500.0
1497.0,3,12,Lakeview,4.5,267900.0
1912.0,2,13,Lakeview,8.2,296000.0
1103.0,3,37,Hillcrest,5.4,208800.0
1268.0,3,16,Northfield,12.4,169100.0
2438.0,4,34,Northfield,5.3,331100.0
2693.0,4,68,Northfield,4.3,368300.0
792.0,2,38,Hillcrest,3.5,171600.0
2408.0,4,65,Northfield,,302300.0
1476.0,1,49,Northfield,7.0,165800.0
1525.0,4,46,Northfield,4.5,222800.0
2058.0,3,48,Hillcrest,9.5,342400.0
2070.0,4,20,Lakeview,4.5,323000.0
1603.0,2,31,Northfield,10.0,168700.0
450.0,1,69,Lakeview,13.2,71500.0
1757.0,2,34,Lakeview,2.6,299700.0
1387.0,2,20,Riverside,8.5,204100.0
1364.0,2,67,Northfield,2.5,146400.0
1797.0,3,23,Northfield,5.5,222700.0
2426.0,5,64,Northfield,11.7,278300.0
2383.0,4,12,Lakeview,8.2,361200.0
1338.0,3,15,Hillcrest,7.9,240400.0
1717.0,2,7,Lakeview,18.0,236200.0
1212.0,1,47,Lakeview,4.3,155900.0
1654.0,2,33,Lakeview,7.6,221600.0
1623.0,3,2,Northfield,6.6,231400.0
2320.0,4,63,Northfield,8.4,270200.0
2116.0,3,43,Riverside,3.4,308200.0
1638.0,2,44,Northfield,5.8,206500.0
1397.0,3,47,Northfield,10.2,184600.0
1106.0,1,28,Northfield,10.7,131300.0
574.0,1,1,Northfield,0.6,126200.0
1411.0,2,7,Hillcrest,16.4,258800.0
1943.0,4,4,Riverside,11.2,300300.0
1097.0,2,34,Northfield,7.8,115000.0
1433.0,2,32,Northfield,14.2,182800.0
2377.0,2,18,Hillcrest,6.1,383300.0
1385.0,2,55,Northfield,5.8,140600.0
1657.0,2,49,Hillcrest,6.4,247200.0
1486.0,3,49,Northfield,6.9,195900.0
1747.0,3,8,Riverside,7.4,276100.0
2596.0,4,43,Hillcrest,3.7,411900.0
1372.0,3,47,Hillcrest,2.6,228500.0
2196.0,3,64,Northfield,9.2,253800.0
498.0,2,34,Northfield,7.1,110100.0
1508.0,3,30,Northfield,3.8,221300.0
1517.0,2,58,Northfield,9.4,195300.0
1823.0,2,4,Riverside,1.2,264200.0
1719.0,2,34,Northfield,2.1,181100.0
2183.0,4,8,Riverside,7.9,297300.0
1992.0,3,25,Riverside,10.9,292200.0
1840.0,2,15,Riverside,8.3,291400.0
1471.0,2,28,Northfield,5.8,177900.0
1922.0,3,9,Riverside,6.9,285000.0
2059.0,4,31,Northfield,14.5,260300.0
1860.0,2,19,Northfield,10.7,230200.0
1796.0,3,36,Riverside,12.8,237500.0
1927.0,2,28,Northfield,1.4,262800.0
1673.0,3,45,Hillcrest,9.7,273100.0
1578.0,1,31,Northfield,2.8,193900.0
1162.0,2,39,Lakeview,6.0,208000.0
954.0,1,59,Hillcrest,4.4,189600.0
1140.0,3,39,Hillcrest,8.0,207600.0
2423.0,3,52,Riverside,9.4,311700.0
1451.0,2,55,Lakeview,1.6,235800.0
1212.0,2,51,Hillcrest,3.2,224500.0
1803.0,4,17,Northfield,7.3,255400.0
2323.0,4,66,Riverside,13.2,296000.0
1553.0,3,62,Hillcrest,12.9,232500.0
1728.0,3,6,Lakeview,2.4,297100.0
1435.0,2,39,Northfield,3.4,211400.0
1235.0,2,60,Riverside,7.5,157100.0
2164.0,4,27,Northfield,6.0,298800.0
1671.0,2,33,Hillcrest,4.3,266000.0
1479.0,3,39,Northfield,6.6,193300.0
2092.0,3,51,Northfield,7.4,274900.0
1966.0,4,30,Lakeview,4.5,335200.0
2795.0,6,35,Riverside,,389600.0
1301.0,2,20,Northfield,3.1,168000.0
1021.0,1,24,Lakeview,4.2,224800.0
1764.0,4,24,Northfield,19.5,220800.0
1135.0,1,63,Lakeview,3.8,173500.0
2662.0,5,5,Northfield,1.8,370700.0
1941.0,4,18,Riverside,2.5,299000.0
2025.0,4,57,Lakeview,6.5,299600.0
1917.0,3,38,Riverside,5.8,245500.0
1515.0,3,24,Northfield,9.0,206800.0
1700.0,1,12,Hillcrest,6.6,279200.0
1358.0,1,44,Riverside,10.9,198600.0
2187.0,3,67,Riverside,11.7,240500.0
1245.0,1,44,Riverside,10.1,160200.0
543.0,1,64,Lakeview,1.4,122900.0
1882.0,3,22,Northfield,7.2,240700.0
1972.0,3,62,Lakeview,9.9,249700.0
450.0,2,55,Riverside,2.5,67400.0
1536.0,2,8,Northfield,15.9,215200.0
665.0,1,12,Northfield,2.0,109900.0
1621.0,3,42,Northfield,4.7,219500.0
1274.0,1,41,Northfield,6.3,174800.0
1909.0,3,64,Lakeview,2.8,279400.0
1888.0,4,16,Northfield,,251700.0
2198.0,5,17,Riverside,6.5,301100.0
1511.0,3,53,Northfield,2.2,190900.0
1727.0,3,52,Riverside,3.5,242800.0
1232.0,2,3,Hillcrest,4.3,272600.0
1755.0,3,14,Riverside,4.9,236800.0
1506.0,3,9,Riverside,13.3,199100.0
1908.0,4,56,Northfield,,244500.0
1873.0,3,49,Riverside,7.8,277800.0
1466.0,3,15,Hillcrest,5.0,276000.0
1295.0,2,53,Northfield,8.9,163500.0
2142.0,3,19,Northfield,7.5,312200.0
1413.0,2,7,Northfield,4.9,216300.0
1431.0,2,41,Northfield,17.8,170400.0
1091.0,2,62,Northfield,7.9,85400.0
1099.0,1,69,Lakeview,9.0,177300.0
1836.0,2,27,Lakeview,4.2,271700.0
1663.0,4,60,Riverside,6.8,223200.0
1370.0,2,35,Lakeview,11.0,211700.0
1646.0,4,22,Riverside,11.1,283300.0
2095.0,4,31,Northfield,2.1,334200.0
1770.0,2,36,Northfield,3.2,235300.0
2169.0,5,27,Riverside,,318000.0
2248.0,3,26,Northfield,5.9,304800.0
1116.0,2,66,Northfield,15.7,111200.0
1476.0,3,46,Northfield,11.8,173400.0
1699.0,2,39,Lakeview,3.1,252900.0
2623.0,3,31,Northfield,5.4,323900.0
1850.0,3,59,Northfield,9.0,209800.0
1886.0,3,30,Northfield,4.2,235500.0
891.0,2,26,Lakeview,6.8,136500.0
1108.0,1,11,Hillcrest,5.0,214900.0
1554.0,4,9,Riverside,4.3,272200.0
689.0,1,46,Riverside,4.5,113800.0
2282.0,4,15,Northfield,9.5,329100.0
2241.0,4,50,Riverside,9.4,276400.0
1157.0,3,49,Northfield,3.4,166700.0
1455.0,2,52,Northfield,,176800.0
1790.0,3,49,Northfield,3.1,196300.0
1551.0,2,54,Northfield,3.8,209900.0
1252.0,3,27,Hillcrest,18.2,218000.0
1439.0,1,44,Riverside,4.7,218900.0
1838.0,3,42,Riverside,2.1,254400.0
1914.0,4,56,Northfield,4.8,243100.0
1416.0,2,26,Hillcrest,2.2,278700.0
795.0,2,61,Northfield,0.6,90200.0
1675.0,2,22,Northfield,12.6,180900.0
2002.0,3,3,Lakeview,10.9,314200.0
2893.0,6,23,Northfield,1.4,411900.0
2030.0,3,49,Hillcrest,4.6,358800.0
1863.0,3,49,Northfield,4.4,252800.0
1528.0,4,57,Lakeview,6.5,228900.0
1275.0,1,45,Lakeview,8.4,153700.0
1123.0,2,27,Lakeview,5.8,189000.0
982.0,1,6,Lakeview,3.7,180300.0
1908.0,2,8,Lakeview,5.2,279600.0
2040.0,3,64,Riverside,10.5,247800.0
1513.0,2,10,Northfield,,188300.0
1531.0,2,35,Northfield,6.4,173900.0
1825.0,2,56,Riverside,10.5,213300.0
1272.0,2,12,Lakeview,4.3,200100.0
1273.0,2,45,Hillcrest,1.3,248000.0
1867.0,4,46,Northfield,11.9,242800.0
2170.0,4,16,Riverside,8.6,312700.0
1116.0,1,8,Northfield,9.1,173200.0
2016.0,3,58,Riverside,3.1,271400.0
1917.0,3,7,Northfield,8.9,257100.0
1227.0,2,40,Riverside,9.8,153300.0
783.0,2,56,Northfield,2.2,138500.0
2561.0,5,57,Hillcrest,4.5,378100.0
1403.0,2,0,Northfield,10.8,162200.0
1353.0,2,67,Riverside,17.1,122300.0
1979.0,2,46,Northfield,29.1,190500.0
2827.0,5,7,Hillcrest,1.3,470900.0
1786.0,3,15,Hillcrest,2.6,325600.0
2360.0,4,30,Riverside,5.1,312400.0
1198.0,2,15,Riverside,1.1,184200.0
2673.0,5,33,Northfield,4.4,361000.0
670.0,2,41,Hillcrest,0.6,126800.0
1628.0,3,63,Hillcrest,5.2,222700.0
1516.0,1,42,Lakeview,8.6,222100.0
1408.0,2,36,Northfield,9.6,179500.0
1759.0,4,54,Northfield,4.8,227200.0
2835.0,5,62,Riverside,8.9,402900.0
1615.0,3,59,Northfield,12.9,175600.0
1759.0,2,63,Northfield,8.5,199100.0
1159.0,3,66,Riverside,4.0,171900.0
1936.0,3,18,Northfield,16.7,206800.0
1708.0,3,15,Lakeview,12.8,260100.0
1447.0,2,26,Northfield,1.4,198700.0
640.0,1,58,Riverside,2.4,92100.0
1888.0,3,66,Riverside,,188100.0
1945.0,3,22,Hillcrest,11.0,323000.0
843.0,1,49,Riverside,11.5,91300.0
1506.0,2,40,Riverside,5.5,219800.0
537.0,2,47,Northfield,4.7,75200.0
2343.0,3,53,Riverside,7.4,302000.0
2019.0,5,60,Lakeview,7.4,350600.0
1303.0,2,40,Riverside,10.9,201200.0
823.0,2,39,Riverside,12.9,113700.0
2088.0,4,37,Lakeview,3.4,341300.0
1725.0,3,47,Northfield,4.6,218800.0
2243.0,4,16,Riverside,7.0,336700.0
1677.0,2,25,Lakeview,21.5,216100.0
1526.0,3,28,Lakeview,7.8,270400.0
1651.0,3,23,Lakeview,7.5,284300.0
1612.0,2,46,Northfield,11.0,157100.0
1227.0,4,9,Riverside,7.3,182400.0
1286.0,2,8,Hillcrest,19.6,215700.0
1695.0,4,39,Riverside,7.8,255500.0
1944.0,4,16,Lakeview,2.4,322100.0
1791.0,3,64,Riverside,6.3,221500.0
1854.0,3,17,Northfield,3.2,255100.0
847.0,1,21,Hillcrest,8.3,190500.0
1118.0,2,41,Riverside,10.8,158300.0
1631.0,2,5,Riverside,13.9,206000.0
1428.0,2,19,Northfield,23.2,168000.0
1372.0,2,8,Riverside,2.3,192400.0
2306.0,3,23,Northfield,12.0,315300.0
1566.0,3,28,Lakeview,5.1,257000.0
2125.0,3,52,Riverside,6.6,249100.0
1768.0,3,29,Riverside,3.5,287000.0
1642.0,3,14,Riverside,1.9,282100.0
2385.0,3,45,Riverside,0.7,328100.0
2056.0,5,53,Northfield,5.2,282900.0
1767.0,3,2,Hillcrest,6.2,351800.0
1644.0,4,59,Riverside,7.5,249500.0
2594.0,5,45,Lakeview,2.4,402000.0
1059.0,2,58,Riverside,14.1,108900.0
1898.0,3,31,Northfield,3.8,238800.0
1761.0,2,17,Northfield,0.5,244600.0
1507.0,2,2,Hillcrest,8.5,284000.0
2585.0,5,13,Northfield,13.6,398800.0
1816.0,3,32,Northfield,5.6,220200.0
1661.0,3,7,Riverside,4.4,283000.0
1654.0,2,1,Riverside,17.7,205800.0
1839.0,3,34,Hillcrest,6.3,284900.0
1583.0,3,14,Northfield,5.4,229000.0
1378.0,3,34,Lakeview,13.2,214200.0
1926.0,4,44,Riverside,2.9,281300.0
2022.0,3,2,Riverside,7.0,317000.0
1341.0,3,7,Lakeview,3.5,272000.0
1378.0,1,35,Northfield,1.2,141300.0
1670.0,3,18,Riverside,6.3,281900.0
1365.0,2,51,Riverside,5.9,212400.0
2100.0,4,9,Northfield,13.5,288400.0
907.0,1,50,Northfield,6.1,118900.0
1055.0,2,53,Lakeview,5.9,172300.0
2429.0,4,31,Hillcrest,5.1,380300.0
1806.0,3,21,Northfield,8.0,245000.0
1342.0,3,13,Hillcrest,9.4,234000.0
